time,iso,f1,f2,f3,f4,f5
1,AFG,1.0,2.0,2.0,1.0,3.0
1,ALB,2.0,2.0,0.0,0.0,0.0
1,DZA,0.0,0.0,0.0,0.0,0.0
1,AND,2.0,2.0,1.0,0.0,3.0
1,AGO,2.0,2.0,2.0,3.0,3.0
1,AIA,2.0,2.0,2.0,3.0,3.0
1,ATG,2.0,2.0,2.0,3.0,3.0
1,ARG,2.0,2.0,1.0,2.0,3.0
1,ARM,1.0,1.0,6.0,1.0,3.0
1,ABW,7.0,2.0,1.0,0.0,0.0
1,AUS,2.0,2.0,2.0,3.0,3.0
1,AUS,2.0,2.0,2.0,3.0,3.0
1,AUT,7.0,2.0,4.0,3.0,3.0
1,AZE,0.0,0.0,0.0,0.0,0.0
1,BHS,2.0,2.0,2.0,3.0,3.0
1,BHR,0.0,0.0,0.0,0.0,0.0
1,BGD,1.0,0.0,0.0,0.0,4.0
1,BRB,2.0,2.0,2.0,3.0,3.0
1,BLR,0.0,0.0,0.0,0.0,0.0
1,BEL,7.0,2.0,4.0,3.0,3.0
1,BLZ,2.0,2.0,2.0,3.0,3.0
1,BEN,2.0,2.0,1.0,2.0,3.0
1,BEN,2.0,2.0,1.0,2.0,3.0
1,BMU,2.0,2.0,2.0,3.0,3.0
1,BTN,1.0,1.0,7.0,1.0,4.0
1,BOL,2.0,2.0,0.0,0.0,0.0
1,BOL,2.0,2.0,1.0,2.0,3.0
1,BIH,7.0,1.0,8.0,1.0,4.0
1,BWA,2.0,2.0,2.0,3.0,3.0
1,BRA,2.0,2.0,1.0,2.0,3.0
1,BRA,2.0,2.0,0.0,0.0,0.0
1,VGB,2.0,2.0,2.0,3.0,3.0
1,BRN,0.0,0.0,0.0,0.0,0.0
1,BGR,2.0,2.0,1.0,0.0,3.0
1,BFA,2.0,2.0,1.0,2.0,3.0
1,MMR,1.0,1.0,7.0,1.0,4.0
1,BDI,2.0,2.0,1.0,2.0,3.0
1,KHM,2.0,2.0,1.0,1.0,3.0
1,CMR,2.0,2.0,1.0,2.0,3.0
1,CAN,2.0,2.0,2.0,3.0,3.0
1,CAN,2.0,2.0,1.0,2.0,3.0
1,CPV,2.0,2.0,0.0,0.0,0.0
1,CYM,2.0,2.0,2.0,3.0,3.0
1,CAF,2.0,2.0,1.0,2.0,3.0
1,TCD,2.0,2.0,1.0,2.0,3.0
1,CHL,2.0,2.0,1.0,2.0,3.0
1,CHN,1.0,1.0,7.0,1.0,4.0
1,CXR,2.0,2.0,2.0,3.0,3.0
1,CCK,0.0,0.0,0.0,0.0,0.0
1,COL,2.0,2.0,1.0,2.0,3.0
1,COM,0.0,0.0,0.0,0.0,0.0
1,COG,2.0,2.0,1.0,2.0,3.0
1,ZAR,2.0,2.0,1.0,2.0,3.0
1,COK,2.0,2.0,2.0,3.0,3.0
1,CRI,2.0,2.0,1.0,2.0,3.0
1,HRV,7.0,1.0,8.0,1.0,4.0
1,CUB,2.0,2.0,1.0,2.0,3.0
1,CYP,0.0,0.0,0.0,0.0,0.0
1,CZE,7.0,2.0,4.0,3.0,3.0
1,CIV,2.0,2.0,1.0,2.0,3.0
1,CIV,2.0,2.0,1.0,2.0,3.0
1,DNK,7.0,2.0,4.0,3.0,3.0
1,DJI,2.0,2.0,1.0,2.0,3.0
1,DMA,2.0,2.0,2.0,3.0,3.0
1,DOM,2.0,2.0,1.0,2.0,3.0
1,TMP,0.0,0.0,0.0,0.0,0.0
1,ECU,2.0,2.0,1.0,2.0,3.0
1,EGY,0.0,0.0,0.0,0.0,0.0
1,SLV,2.0,2.0,1.0,2.0,3.0
1,GNQ,2.0,2.0,1.0,2.0,3.0
1,ERI,1.0,4.0,2.0,2.0,4.0
1,EST,2.0,2.0,5.0,2.0,4.0
1,ETH,1.0,4.0,2.0,2.0,4.0
1,FLK,2.0,2.0,2.0,3.0,3.0
1,FRO,0.0,0.0,0.0,0.0,0.0
1,FJI,2.0,2.0,2.0,3.0,3.0
1,FIN,2.0,2.0,2.0,0.0,0.0
1,FRA,2.0,2.0,1.0,2.0,3.0
1,GUF,2.0,2.0,1.0,2.0,3.0
1,PYF,2.0,2.0,1.0,2.0,3.0
1,ATF,2.0,2.0,1.0,2.0,3.0
1,GAB,2.0,2.0,1.0,2.0,3.0
1,GMB,2.0,2.0,1.0,2.0,3.0
1,GEO,1.0,1.0,6.0,1.0,3.0
1,DEU,7.0,2.0,4.0,3.0,3.0
1,DEU,7.0,2.0,4.0,3.0,3.0
1,GHA,2.0,2.0,1.0,2.0,3.0
1,GIB,2.0,2.0,2.0,3.0,3.0
1,GRC,2.0,2.0,0.0,0.0,0.0
1,GRL,0.0,0.0,0.0,0.0,0.0
1,GRD,2.0,2.0,2.0,3.0,3.0
1,GLP,2.0,2.0,1.0,2.0,3.0
1,GTM,2.0,2.0,1.0,2.0,3.0
1,GIN,2.0,2.0,1.0,2.0,3.0
1,GNB,2.0,2.0,1.0,2.0,3.0
1,GUY,2.0,2.0,0.0,0.0,0.0
1,HTI,2.0,2.0,1.0,2.0,3.0
1,HND,2.0,2.0,1.0,2.0,3.0
1,HKG,1.0,1.0,7.0,1.0,4.0
1,HUN,7.0,1.0,8.0,1.0,4.0
1,ISL,2.0,2.0,4.0,3.0,0.0
1,IND,2.0,2.0,2.0,3.0,3.0
1,IDN,2.0,2.0,1.0,1.0,3.0
1,IRN,1.0,2.0,2.0,1.0,3.0
1,IRQ,0.0,0.0,0.0,0.0,0.0
1,IRL,2.0,2.0,2.0,3.0,3.0
1,ISR,0.0,0.0,0.0,0.0,0.0
1,ITA,7.0,2.0,4.0,3.0,3.0
1,JAM,2.0,2.0,2.0,3.0,3.0
1,JPN,1.0,1.0,7.0,0.0,2.0
1,JOR,0.0,0.0,0.0,0.0,0.0
1,KAZ,0.0,0.0,0.0,0.0,0.0
1,KAZ,0.0,0.0,0.0,0.0,0.0
1,KEN,1.0,4.0,3.0,0.0,3.0
1,KIR,2.0,2.0,2.0,3.0,3.0
1,KOR,1.0,1.0,6.0,0.0,3.0
1,PRK,1.0,1.0,6.0,0.0,3.0
1,KWT,0.0,0.0,0.0,0.0,0.0
1,KGZ,1.0,2.0,0.0,0.0,0.0
1,LAO,2.0,2.0,0.0,0.0,0.0
1,LVA,2.0,2.0,5.0,2.0,4.0
1,LBN,1.0,1.0,6.0,1.0,3.0
1,LSO,2.0,2.0,2.0,3.0,3.0
1,LBR,2.0,2.0,2.0,3.0,3.0
1,LBY,0.0,0.0,0.0,0.0,0.0
1,LTU,0.0,0.0,0.0,0.0,0.0
1,LUX,2.0,2.0,1.0,2.0,3.0
1,MAC,2.0,2.0,0.0,0.0,0.0
1,MKD,2.0,2.0,0.0,0.0,0.0
1,MDG,2.0,2.0,1.0,2.0,3.0
1,MWI,2.0,2.0,2.0,3.0,3.0
1,MYS,0.0,0.0,0.0,0.0,0.0
1,MDV,0.0,0.0,0.0,0.0,0.0
1,MLI,2.0,2.0,1.0,2.0,3.0
1,MLT,2.0,2.0,2.0,3.0,3.0
1,MHL,2.0,2.0,2.0,3.0,3.0
1,MTQ,2.0,2.0,1.0,2.0,3.0
1,MRT,0.0,0.0,0.0,0.0,0.0
1,MUS,2.0,2.0,2.0,3.0,3.0
1,MEX,2.0,2.0,1.0,2.0,3.0
1,FSM,2.0,2.0,2.0,3.0,3.0
1,MDA,2.0,2.0,2.0,0.0,3.0
1,MNG,2.0,2.0,6.0,3.0,4.0
1,MSR,2.0,2.0,2.0,3.0,3.0
1,MAR,0.0,0.0,0.0,0.0,0.0
1,MOZ,2.0,2.0,2.0,3.0,3.0
1,NAM,2.0,2.0,2.0,3.0,3.0
1,NRU,7.0,0.0,0.0,0.0,0.0
1,NPL,1.0,1.0,0.0,0.0,4.0
1,ANT,7.0,2.0,1.0,0.0,0.0
1,NLD,7.0,2.0,1.0,0.0,0.0
1,NCL,2.0,2.0,1.0,2.0,3.0
1,NZL,2.0,2.0,2.0,3.0,3.0
1,NIC,2.0,2.0,1.0,2.0,3.0
1,NER,2.0,2.0,1.0,2.0,3.0
1,NGA,2.0,2.0,1.0,2.0,3.0
1,NGA,2.0,2.0,1.0,2.0,3.0
1,NIU,3.0,2.0,0.0,0.0,0.0
1,NFK,2.0,2.0,2.0,3.0,3.0
1,MNP,2.0,2.0,2.0,3.0,3.0
1,NOR,2.0,2.0,0.0,0.0,3.0
1,OMN,0.0,0.0,0.0,0.0,0.0
1,PAK,1.0,2.0,2.0,1.0,3.0
1,PLW,2.0,2.0,2.0,3.0,3.0
1,PAL,0.0,0.0,0.0,0.0,0.0
1,PAN,2.0,2.0,1.0,2.0,3.0
1,PNG,2.0,2.0,1.0,1.0,3.0
1,PRY,2.0,2.0,1.0,2.0,3.0
1,PER,2.0,2.0,1.0,2.0,3.0
1,PHL,2.0,2.0,2.0,3.0,3.0
1,PCN,2.0,2.0,2.0,3.0,3.0
1,POL,2.0,2.0,6.0,0.0,5.0
1,PRT,2.0,2.0,1.0,2.0,3.0
1,PRI,2.0,2.0,2.0,3.0,3.0
1,QAT,0.0,0.0,0.0,0.0,0.0
1,REU,2.0,2.0,1.0,2.0,3.0
1,ROM,2.0,2.0,2.0,0.0,3.0
1,RUS,2.0,2.0,6.0,3.0,4.0
1,RWA,2.0,2.0,1.0,2.0,3.0
1,SHN,2.0,2.0,2.0,3.0,3.0
1,KNA,2.0,2.0,2.0,3.0,3.0
1,LCA,2.0,2.0,2.0,3.0,3.0
1,VCT,2.0,2.0,2.0,3.0,3.0
1,WSM,7.0,2.0,0.0,0.0,0.0
1,SMR,7.0,2.0,4.0,3.0,3.0
1,STP,2.0,2.0,0.0,0.0,0.0
1,SAU,0.0,0.0,0.0,0.0,0.0
1,SEN,2.0,2.0,1.0,2.0,3.0
1,YUG,2.0,2.0,1.0,0.0,3.0
1,SYC,2.0,2.0,2.0,3.0,3.0
1,SLE,2.0,2.0,2.0,3.0,3.0
1,SGP,0.0,0.0,0.0,0.0,0.0
1,SVK,0.0,0.0,0.0,0.0,0.0
1,SVN,0.0,0.0,0.0,0.0,0.0
1,SLB,2.0,2.0,2.0,3.0,3.0
1,SOM,1.0,4.0,2.0,2.0,4.0
1,ZAF,2.0,2.0,2.0,3.0,3.0
1,ZAF,2.0,2.0,2.0,3.0,3.0
1,ESP,2.0,2.0,1.0,2.0,3.0
1,LKA,1.0,1.0,5.0,0.0,3.0
1,SPM,2.0,2.0,1.0,2.0,3.0
1,SDN,0.0,0.0,0.0,0.0,0.0
1,SUR,7.0,2.0,1.0,0.0,0.0
1,SWZ,7.0,0.0,0.0,0.0,0.0
1,SWE,2.0,2.0,2.0,0.0,0.0
1,CHE,7.0,2.0,4.0,3.0,3.0
1,SYR,1.0,1.0,6.0,1.0,3.0
1,TWN,0.0,0.0,0.0,0.0,0.0
1,TJK,1.0,2.0,0.0,0.0,0.0
1,TZA,2.0,2.0,2.0,3.0,3.0
1,TZA,2.0,2.0,2.0,3.0,3.0
1,THA,2.0,2.0,1.0,1.0,3.0
1,TGO,2.0,2.0,1.0,2.0,3.0
1,TKL,0.0,2.0,0.0,0.0,0.0
1,TON,7.0,2.0,0.0,0.0,0.0
1,TTO,2.0,2.0,2.0,3.0,3.0
1,TUN,0.0,0.0,0.0,0.0,0.0
1,TUR,0.0,0.0,0.0,0.0,0.0
1,TUR,1.0,1.0,6.0,1.0,3.0
1,TKM,1.0,1.0,0.0,0.0,0.0
1,TCA,2.0,2.0,2.0,3.0,3.0
1,TUV,5.0,2.0,1.0,1.0,0.0
1,UGA,2.0,2.0,2.0,3.0,3.0
1,UKR,2.0,2.0,2.0,0.0,3.0
1,ARE,0.0,0.0,0.0,0.0,0.0
1,GBR,2.0,2.0,2.0,3.0,3.0
1,USA,2.0,2.0,1.0,2.0,3.0
1,USA,2.0,2.0,1.0,2.0,3.0
1,URY,2.0,2.0,1.0,2.0,3.0
1,UZB,1.0,0.0,0.0,1.0,0.0
1,VUT,2.0,2.0,2.0,3.0,3.0
1,VEN,2.0,2.0,0.0,0.0,0.0
1,VNM,2.0,2.0,1.0,1.0,3.0
1,WLF,2.0,2.0,1.0,2.0,3.0
1,ESH,0.0,0.0,0.0,0.0,0.0
1,YEM,0.0,0.0,0.0,0.0,0.0
1,ZMB,2.0,2.0,2.0,3.0,3.0
1,ZWE,2.0,2.0,2.0,3.0,3.0
2,AFG,1.0,2.0,2.0,1.0,3.0
2,ALB,2.0,2.0,0.0,0.0,0.0
2,DZA,0.0,0.0,0.0,0.0,0.0
2,AND,2.0,2.0,1.0,0.0,3.0
2,AGO,2.0,2.0,2.0,3.0,3.0
2,AIA,2.0,2.0,2.0,3.0,3.0
2,ATG,2.0,2.0,2.0,3.0,3.0
2,ARG,2.0,2.0,1.0,2.0,3.0
2,ARM,1.0,1.0,6.0,1.0,3.0
2,ABW,7.0,2.0,1.0,0.0,0.0
2,AUS,2.0,2.0,2.0,3.0,3.0
2,AUS,2.0,2.0,2.0,3.0,3.0
2,AUT,7.0,2.0,4.0,3.0,3.0
2,AZE,1.0,1.0,6.0,1.0,3.0
2,BHS,2.0,2.0,2.0,3.0,3.0
2,BHR,0.0,0.0,0.0,0.0,0.0
2,BGD,2.0,2.0,2.0,3.0,3.0
2,BRB,2.0,2.0,2.0,3.0,3.0
2,BLR,0.0,0.0,0.0,0.0,0.0
2,BEL,7.0,2.0,4.0,3.0,3.0
2,BLZ,2.0,2.0,2.0,3.0,3.0
2,BEN,2.0,2.0,1.0,2.0,3.0
2,BEN,2.0,2.0,1.0,2.0,3.0
2,BMU,2.0,2.0,2.0,3.0,3.0
2,BTN,1.0,1.0,7.0,1.0,4.0
2,BOL,2.0,2.0,0.0,0.0,0.0
2,BOL,2.0,2.0,1.0,2.0,3.0
2,BIH,7.0,1.0,8.0,1.0,4.0
2,BWA,2.0,2.0,2.0,3.0,3.0
2,BRA,2.0,2.0,1.0,2.0,3.0
2,BRA,2.0,2.0,0.0,0.0,0.0
2,VGB,2.0,2.0,2.0,3.0,3.0
2,BRN,0.0,0.0,0.0,0.0,0.0
2,BGR,2.0,2.0,1.0,0.0,3.0
2,BFA,2.0,2.0,1.0,2.0,3.0
2,MMR,1.0,1.0,7.0,1.0,4.0
2,BDI,2.0,2.0,1.0,2.0,3.0
2,KHM,2.0,2.0,1.0,1.0,3.0
2,CMR,2.0,2.0,1.0,2.0,3.0
2,CAN,2.0,2.0,2.0,3.0,3.0
2,CAN,2.0,2.0,1.0,2.0,3.0
2,CPV,2.0,2.0,0.0,0.0,0.0
2,CYM,2.0,2.0,2.0,3.0,3.0
2,CAF,2.0,2.0,1.0,2.0,3.0
2,TCD,2.0,2.0,1.0,2.0,3.0
2,CHL,2.0,2.0,1.0,2.0,3.0
2,CHN,1.0,1.0,7.0,1.0,4.0
2,CXR,2.0,2.0,2.0,3.0,3.0
2,CCK,0.0,0.0,0.0,0.0,0.0
2,COL,2.0,2.0,0.0,0.0,0.0
2,COM,0.0,0.0,0.0,0.0,0.0
2,COG,2.0,2.0,1.0,2.0,3.0
2,ZAR,2.0,2.0,1.0,2.0,3.0
2,COK,2.0,2.0,2.0,3.0,3.0
2,CRI,2.0,2.0,1.0,2.0,3.0
2,HRV,7.0,1.0,8.0,1.0,4.0
2,CUB,2.0,2.0,1.0,2.0,3.0
2,CYP,0.0,0.0,0.0,0.0,0.0
2,CZE,7.0,2.0,4.0,3.0,3.0
2,CIV,2.0,2.0,1.0,2.0,3.0
2,CIV,2.0,2.0,1.0,2.0,3.0
2,DNK,7.0,2.0,4.0,3.0,3.0
2,DJI,1.0,4.0,2.0,2.0,4.0
2,DMA,2.0,2.0,2.0,3.0,3.0
2,DOM,2.0,2.0,1.0,2.0,3.0
2,TMP,2.0,2.0,1.0,1.0,3.0
2,ECU,2.0,2.0,1.0,2.0,3.0
2,EGY,0.0,0.0,0.0,0.0,0.0
2,SLV,2.0,2.0,1.0,2.0,3.0
2,GNQ,2.0,2.0,1.0,2.0,3.0
2,ERI,0.0,0.0,0.0,0.0,0.0
2,EST,2.0,2.0,5.0,2.0,4.0
2,ETH,1.0,4.0,2.0,2.0,4.0
2,FLK,2.0,2.0,2.0,3.0,3.0
2,FRO,0.0,0.0,0.0,0.0,0.0
2,FJI,2.0,2.0,2.0,3.0,3.0
2,FIN,2.0,2.0,2.0,0.0,0.0
2,FRA,7.0,2.0,4.0,3.0,3.0
2,GUF,2.0,2.0,1.0,2.0,3.0
2,PYF,2.0,2.0,1.0,2.0,3.0
2,ATF,2.0,2.0,1.0,2.0,3.0
2,GAB,2.0,2.0,1.0,2.0,3.0
2,GMB,2.0,2.0,1.0,2.0,3.0
2,GEO,1.0,1.0,6.0,1.0,3.0
2,DEU,7.0,2.0,4.0,3.0,3.0
2,DEU,7.0,2.0,4.0,3.0,3.0
2,GHA,2.0,2.0,1.0,2.0,3.0
2,GIB,2.0,2.0,1.0,2.0,3.0
2,GRC,2.0,2.0,0.0,0.0,0.0
2,GRL,0.0,0.0,0.0,0.0,0.0
2,GRD,2.0,2.0,2.0,3.0,3.0
2,GLP,2.0,2.0,1.0,2.0,3.0
2,GTM,2.0,2.0,1.0,2.0,3.0
2,GIN,2.0,2.0,1.0,2.0,3.0
2,GNB,2.0,2.0,1.0,2.0,3.0
2,GUY,7.0,2.0,1.0,0.0,0.0
2,HTI,2.0,2.0,1.0,2.0,3.0
2,HND,2.0,2.0,1.0,2.0,3.0
2,HKG,1.0,1.0,7.0,1.0,4.0
2,HUN,2.0,2.0,6.0,3.0,4.0
2,ISL,2.0,2.0,4.0,3.0,0.0
2,IND,2.0,2.0,2.0,3.0,3.0
2,IDN,2.0,2.0,1.0,1.0,3.0
2,IRN,1.0,1.0,6.0,1.0,3.0
2,IRQ,0.0,0.0,0.0,0.0,0.0
2,IRL,2.0,2.0,2.0,3.0,3.0
2,ISR,0.0,0.0,0.0,0.0,0.0
2,ITA,7.0,2.0,4.0,3.0,3.0
2,JAM,2.0,2.0,2.0,3.0,3.0
2,JPN,1.0,1.0,7.0,0.0,2.0
2,JOR,0.0,0.0,0.0,0.0,0.0
2,KAZ,0.0,0.0,0.0,0.0,0.0
2,KAZ,1.0,2.0,0.0,0.0,0.0
2,KEN,0.0,0.0,0.0,0.0,0.0
2,KIR,2.0,2.0,2.0,3.0,3.0
2,KOR,1.0,1.0,6.0,0.0,3.0
2,PRK,1.0,1.0,6.0,0.0,3.0
2,KWT,0.0,0.0,0.0,0.0,0.0
2,KGZ,1.0,2.0,0.0,0.0,0.0
2,LAO,2.0,2.0,0.0,0.0,0.0
2,LVA,2.0,2.0,5.0,2.0,4.0
2,LBN,1.0,1.0,6.0,1.0,3.0
2,LSO,2.0,2.0,2.0,3.0,3.0
2,LBR,2.0,2.0,2.0,3.0,3.0
2,LBY,0.0,0.0,0.0,0.0,0.0
2,LTU,0.0,0.0,0.0,0.0,0.0
2,LUX,7.0,2.0,4.0,3.0,3.0
2,MAC,1.0,1.0,7.0,1.0,4.0
2,MKD,2.0,2.0,0.0,0.0,0.0
2,MDG,2.0,2.0,1.0,2.0,3.0
2,MWI,2.0,2.0,2.0,3.0,3.0
2,MYS,0.0,0.0,0.0,0.0,0.0
2,MDV,0.0,0.0,0.0,0.0,0.0
2,MLI,2.0,2.0,1.0,2.0,3.0
2,MLT,2.0,2.0,2.0,3.0,3.0
2,MHL,2.0,2.0,2.0,3.0,3.0
2,MTQ,2.0,2.0,1.0,2.0,3.0
2,MRT,0.0,0.0,0.0,0.0,0.0
2,MUS,2.0,2.0,2.0,3.0,3.0
2,MEX,2.0,2.0,1.0,2.0,3.0
2,FSM,2.0,2.0,2.0,3.0,3.0
2,MDA,2.0,2.0,6.0,3.0,4.0
2,MNG,2.0,2.0,6.0,3.0,4.0
2,MSR,2.0,2.0,2.0,3.0,3.0
2,MAR,0.0,0.0,0.0,0.0,0.0
2,MOZ,2.0,2.0,2.0,3.0,3.0
2,NAM,2.0,2.0,2.0,3.0,3.0
2,NRU,7.0,0.0,0.0,0.0,0.0
2,NPL,1.0,1.0,0.0,0.0,4.0
2,ANT,7.0,2.0,1.0,0.0,0.0
2,NLD,7.0,2.0,4.0,3.0,3.0
2,NCL,2.0,2.0,1.0,2.0,3.0
2,NZL,2.0,2.0,2.0,3.0,3.0
2,NIC,2.0,2.0,1.0,2.0,3.0
2,NER,2.0,2.0,1.0,2.0,3.0
2,NGA,2.0,2.0,1.0,2.0,3.0
2,NGA,2.0,2.0,1.0,2.0,3.0
2,NIU,3.0,2.0,0.0,0.0,0.0
2,NFK,2.0,2.0,2.0,3.0,3.0
2,MNP,2.0,2.0,2.0,3.0,3.0
2,NOR,2.0,2.0,2.0,0.0,0.0
2,OMN,0.0,0.0,0.0,0.0,0.0
2,PAK,2.0,2.0,2.0,3.0,3.0
2,PLW,2.0,2.0,2.0,3.0,3.0
2,PAL,0.0,0.0,0.0,0.0,0.0
2,PAN,2.0,2.0,1.0,2.0,3.0
2,PNG,2.0,2.0,1.0,1.0,3.0
2,PRY,2.0,2.0,1.0,2.0,3.0
2,PER,2.0,2.0,1.0,2.0,3.0
2,PHL,2.0,2.0,2.0,3.0,3.0
2,PCN,2.0,2.0,2.0,3.0,3.0
2,POL,2.0,2.0,6.0,0.0,5.0
2,PRT,7.0,2.0,4.0,3.0,3.0
2,PRI,2.0,2.0,2.0,3.0,3.0
2,QAT,0.0,0.0,0.0,0.0,0.0
2,REU,2.0,2.0,1.0,2.0,3.0
2,ROM,2.0,2.0,2.0,0.0,3.0
2,RUS,2.0,2.0,6.0,3.0,4.0
2,RWA,2.0,2.0,2.0,3.0,3.0
2,SHN,2.0,2.0,2.0,3.0,3.0
2,KNA,2.0,2.0,2.0,3.0,3.0
2,LCA,2.0,2.0,2.0,3.0,3.0
2,VCT,2.0,2.0,2.0,3.0,3.0
2,WSM,7.0,2.0,0.0,0.0,0.0
2,SMR,7.0,2.0,4.0,3.0,3.0
2,STP,2.0,2.0,0.0,0.0,0.0
2,SAU,0.0,0.0,0.0,0.0,0.0
2,SEN,2.0,2.0,1.0,2.0,3.0
2,YUG,2.0,2.0,2.0,0.0,3.0
2,SYC,2.0,2.0,2.0,3.0,3.0
2,SLE,2.0,2.0,2.0,3.0,3.0
2,SGP,0.0,0.0,0.0,0.0,0.0
2,SVK,7.0,2.0,4.0,3.0,3.0
2,SVN,0.0,0.0,0.0,0.0,0.0
2,SLB,2.0,2.0,2.0,3.0,3.0
2,SOM,1.0,4.0,2.0,2.0,4.0
2,ZAF,2.0,2.0,2.0,3.0,3.0
2,ZAF,2.0,2.0,2.0,3.0,3.0
2,ESP,7.0,2.0,4.0,3.0,3.0
2,LKA,1.0,1.0,5.0,0.0,3.0
2,SPM,2.0,2.0,1.0,2.0,3.0
2,SDN,0.0,0.0,0.0,0.0,0.0
2,SUR,7.0,2.0,1.0,0.0,0.0
2,SWZ,7.0,0.0,0.0,0.0,0.0
2,SWE,2.0,2.0,2.0,0.0,0.0
2,CHE,7.0,2.0,4.0,3.0,3.0
2,SYR,1.0,1.0,6.0,1.0,3.0
2,TWN,0.0,0.0,0.0,0.0,0.0
2,TJK,1.0,2.0,0.0,0.0,0.0
2,TZA,2.0,2.0,2.0,3.0,3.0
2,TZA,2.0,2.0,2.0,3.0,3.0
2,THA,2.0,2.0,1.0,1.0,3.0
2,TGO,2.0,2.0,1.0,2.0,3.0
2,TKL,0.0,2.0,0.0,0.0,0.0
2,TON,7.0,2.0,0.0,0.0,0.0
2,TTO,2.0,2.0,2.0,3.0,3.0
2,TUN,0.0,0.0,0.0,0.0,0.0
2,TUR,0.0,0.0,0.0,0.0,0.0
2,TUR,1.0,1.0,6.0,1.0,3.0
2,TKM,1.0,2.0,0.0,0.0,0.0
2,TCA,2.0,2.0,2.0,3.0,3.0
2,TUV,5.0,2.0,1.0,1.0,0.0
2,UGA,2.0,2.0,2.0,3.0,3.0
2,UKR,2.0,2.0,6.0,3.0,4.0
2,ARE,0.0,0.0,0.0,0.0,0.0
2,GBR,2.0,2.0,2.0,3.0,3.0
2,USA,2.0,2.0,1.0,2.0,3.0
2,USA,2.0,2.0,1.0,2.0,3.0
2,URY,2.0,2.0,1.0,2.0,3.0
2,UZB,1.0,2.0,0.0,0.0,0.0
2,VUT,2.0,2.0,2.0,3.0,3.0
2,VEN,2.0,2.0,0.0,0.0,0.0
2,VNM,2.0,2.0,1.0,1.0,3.0
2,WLF,2.0,2.0,1.0,2.0,3.0
2,ESH,0.0,0.0,0.0,0.0,0.0
2,YEM,0.0,0.0,0.0,0.0,0.0
2,ZMB,2.0,2.0,2.0,3.0,3.0
2,ZWE,2.0,2.0,2.0,3.0,3.0
3,AFG,1.0,2.0,2.0,1.0,3.0
3,ALB,2.0,2.0,0.0,0.0,0.0
3,DZA,0.0,0.0,0.0,0.0,0.0
3,AND,7.0,2.0,4.0,3.0,3.0
3,AGO,2.0,2.0,2.0,3.0,3.0
3,AIA,2.0,2.0,2.0,3.0,3.0
3,ATG,2.0,2.0,2.0,3.0,3.0
3,ARG,2.0,2.0,1.0,2.0,3.0
3,ARM,1.0,1.0,6.0,1.0,3.0
3,ABW,7.0,2.0,1.0,0.0,0.0
3,AUS,2.0,2.0,2.0,3.0,3.0
3,AUS,2.0,2.0,2.0,3.0,3.0
3,AUT,7.0,2.0,4.0,3.0,3.0
3,AZE,1.0,1.0,6.0,1.0,3.0
3,BHS,2.0,2.0,2.0,3.0,3.0
3,BHR,0.0,0.0,0.0,0.0,0.0
3,BGD,1.0,1.0,7.0,1.0,4.0
3,BRB,2.0,2.0,2.0,3.0,3.0
3,BLR,0.0,0.0,0.0,0.0,0.0
3,BEL,7.0,2.0,4.0,3.0,3.0
3,BLZ,2.0,2.0,2.0,3.0,3.0
3,BEN,2.0,2.0,1.0,2.0,3.0
3,BEN,2.0,2.0,1.0,2.0,3.0
3,BMU,2.0,2.0,2.0,3.0,3.0
3,BTN,1.0,1.0,7.0,1.0,4.0
3,BOL,2.0,2.0,0.0,0.0,0.0
3,BOL,2.0,2.0,1.0,2.0,3.0
3,BIH,2.0,2.0,2.0,0.0,3.0
3,BWA,2.0,2.0,2.0,3.0,3.0
3,BRA,2.0,2.0,1.0,2.0,3.0
3,BRA,2.0,2.0,1.0,2.0,3.0
3,VGB,2.0,2.0,2.0,3.0,3.0
3,BRN,0.0,0.0,0.0,0.0,0.0
3,BGR,2.0,2.0,2.0,0.0,3.0
3,BFA,2.0,2.0,1.0,2.0,3.0
3,MMR,1.0,1.0,7.0,1.0,4.0
3,BDI,2.0,2.0,1.0,2.0,3.0
3,KHM,2.0,2.0,1.0,1.0,3.0
3,CMR,0.0,0.0,0.0,0.0,0.0
3,CAN,2.0,2.0,1.0,2.0,3.0
3,CAN,2.0,2.0,1.0,2.0,3.0
3,CPV,2.0,2.0,0.0,0.0,0.0
3,CYM,2.0,2.0,2.0,3.0,3.0
3,CAF,2.0,2.0,1.0,2.0,3.0
3,TCD,2.0,2.0,1.0,2.0,3.0
3,CHL,2.0,2.0,1.0,2.0,3.0
3,CHN,1.0,1.0,7.0,1.0,4.0
3,CXR,2.0,2.0,2.0,3.0,3.0
3,CCK,0.0,0.0,0.0,0.0,0.0
3,COL,2.0,2.0,0.0,0.0,0.0
3,COM,0.0,0.0,0.0,0.0,0.0
3,COG,2.0,2.0,1.0,2.0,3.0
3,ZAR,2.0,2.0,1.0,2.0,3.0
3,COK,2.0,2.0,2.0,3.0,3.0
3,CRI,2.0,2.0,1.0,2.0,3.0
3,HRV,7.0,1.0,8.0,1.0,4.0
3,CUB,2.0,2.0,1.0,2.0,3.0
3,CYP,0.0,0.0,0.0,0.0,0.0
3,CZE,7.0,2.0,4.0,3.0,3.0
3,CIV,2.0,2.0,1.0,2.0,3.0
3,CIV,2.0,2.0,1.0,2.0,3.0
3,DNK,7.0,2.0,4.0,3.0,3.0
3,DJI,1.0,4.0,2.0,2.0,4.0
3,DMA,2.0,2.0,2.0,3.0,3.0
3,DOM,2.0,2.0,1.0,2.0,3.0
3,TMP,2.0,2.0,1.0,1.0,3.0
3,ECU,2.0,2.0,1.0,2.0,3.0
3,EGY,0.0,0.0,0.0,0.0,0.0
3,SLV,2.0,2.0,1.0,2.0,3.0
3,GNQ,2.0,2.0,1.0,2.0,3.0
3,ERI,0.0,0.0,0.0,0.0,0.0
3,EST,2.0,2.0,5.0,2.0,4.0
3,ETH,1.0,4.0,2.0,2.0,4.0
3,FLK,2.0,2.0,2.0,3.0,3.0
3,FRO,0.0,0.0,0.0,0.0,0.0
3,FJI,2.0,2.0,2.0,3.0,3.0
3,FIN,2.0,2.0,2.0,0.0,0.0
3,FRA,7.0,2.0,4.0,3.0,3.0
3,GUF,2.0,2.0,1.0,2.0,3.0
3,PYF,2.0,2.0,1.0,2.0,3.0
3,ATF,2.0,2.0,1.0,2.0,3.0
3,GAB,2.0,2.0,1.0,2.0,3.0
3,GMB,2.0,2.0,1.0,2.0,3.0
3,GEO,1.0,1.0,6.0,1.0,3.0
3,DEU,7.0,2.0,4.0,3.0,3.0
3,DEU,2.0,2.0,6.0,0.0,5.0
3,GHA,2.0,2.0,1.0,2.0,3.0
3,GIB,2.0,2.0,1.0,2.0,3.0
3,GRC,2.0,2.0,0.0,0.0,0.0
3,GRL,0.0,0.0,0.0,0.0,0.0
3,GRD,2.0,2.0,2.0,3.0,3.0
3,GLP,2.0,2.0,1.0,2.0,3.0
3,GTM,2.0,2.0,1.0,2.0,3.0
3,GIN,2.0,2.0,1.0,2.0,3.0
3,GNB,2.0,2.0,1.0,2.0,3.0
3,GUY,7.0,2.0,1.0,0.0,0.0
3,HTI,2.0,2.0,1.0,2.0,3.0
3,HND,2.0,2.0,1.0,2.0,3.0
3,HKG,1.0,1.0,7.0,1.0,4.0
3,HUN,2.0,2.0,6.0,3.0,4.0
3,ISL,2.0,2.0,4.0,3.0,0.0
3,IND,2.0,2.0,2.0,3.0,3.0
3,IDN,0.0,0.0,0.0,0.0,0.0
3,IRN,1.0,1.0,6.0,1.0,3.0
3,IRQ,0.0,0.0,0.0,0.0,0.0
3,IRL,2.0,2.0,2.0,3.0,3.0
3,ISR,0.0,0.0,0.0,0.0,0.0
3,ITA,7.0,2.0,4.0,3.0,3.0
3,JAM,2.0,2.0,2.0,3.0,3.0
3,JPN,1.0,1.0,7.0,0.0,2.0
3,JOR,0.0,0.0,0.0,0.0,0.0
3,KAZ,0.0,0.0,0.0,0.0,0.0
3,KAZ,2.0,2.0,6.0,3.0,4.0
3,KEN,2.0,2.0,2.0,3.0,3.0
3,KIR,2.0,2.0,2.0,3.0,3.0
3,KOR,1.0,1.0,6.0,0.0,3.0
3,PRK,1.0,1.0,7.0,1.0,4.0
3,KWT,0.0,0.0,0.0,0.0,0.0
3,KGZ,1.0,2.0,0.0,0.0,0.0
3,LAO,2.0,2.0,0.0,0.0,0.0
3,LVA,2.0,2.0,6.0,3.0,4.0
3,LBN,1.0,1.0,6.0,1.0,3.0
3,LSO,2.0,2.0,2.0,3.0,3.0
3,LBR,2.0,2.0,2.0,3.0,3.0
3,LBY,0.0,0.0,0.0,0.0,0.0
3,LTU,0.0,0.0,0.0,0.0,0.0
3,LUX,2.0,2.0,6.0,0.0,5.0
3,MAC,1.0,1.0,7.0,1.0,4.0
3,MKD,2.0,2.0,0.0,0.0,0.0
3,MDG,2.0,2.0,1.0,2.0,3.0
3,MWI,2.0,2.0,2.0,3.0,3.0
3,MYS,0.0,0.0,0.0,0.0,0.0
3,MDV,0.0,0.0,0.0,0.0,0.0
3,MLI,2.0,2.0,1.0,2.0,3.0
3,MLT,2.0,2.0,2.0,3.0,3.0
3,MHL,2.0,2.0,2.0,3.0,3.0
3,MTQ,2.0,2.0,1.0,2.0,3.0
3,MRT,0.0,0.0,0.0,0.0,0.0
3,MUS,2.0,2.0,2.0,3.0,3.0
3,MEX,2.0,2.0,1.0,2.0,3.0
3,FSM,2.0,2.0,2.0,3.0,3.0
3,MDA,2.0,2.0,6.0,3.0,4.0
3,MNG,1.0,1.0,7.0,1.0,4.0
3,MSR,2.0,2.0,2.0,3.0,3.0
3,MAR,0.0,0.0,0.0,0.0,0.0
3,MOZ,2.0,2.0,2.0,3.0,3.0
3,NAM,2.0,2.0,2.0,3.0,3.0
3,NRU,7.0,0.0,0.0,0.0,0.0
3,NPL,2.0,2.0,2.0,3.0,3.0
3,ANT,7.0,2.0,1.0,0.0,0.0
3,NLD,7.0,2.0,4.0,3.0,3.0
3,NCL,2.0,2.0,1.0,2.0,3.0
3,NZL,2.0,2.0,2.0,3.0,3.0
3,NIC,2.0,2.0,1.0,2.0,3.0
3,NER,0.0,0.0,0.0,0.0,0.0
3,NGA,2.0,2.0,1.0,2.0,3.0
3,NGA,0.0,0.0,0.0,0.0,0.0
3,NIU,3.0,2.0,0.0,0.0,0.0
3,NFK,2.0,2.0,2.0,3.0,3.0
3,MNP,2.0,2.0,2.0,3.0,3.0
3,NOR,2.0,2.0,2.0,0.0,0.0
3,OMN,0.0,0.0,0.0,0.0,0.0
3,PAK,2.0,2.0,2.0,3.0,3.0
3,PLW,2.0,2.0,2.0,3.0,3.0
3,PAL,0.0,0.0,0.0,0.0,0.0
3,PAN,2.0,2.0,1.0,2.0,3.0
3,PNG,2.0,2.0,1.0,1.0,3.0
3,PRY,2.0,2.0,1.0,2.0,3.0
3,PER,2.0,2.0,1.0,2.0,3.0
3,PHL,2.0,2.0,2.0,3.0,3.0
3,PCN,2.0,2.0,2.0,3.0,3.0
3,POL,2.0,2.0,6.0,0.0,5.0
3,PRT,7.0,2.0,4.0,3.0,3.0
3,PRI,2.0,2.0,2.0,3.0,3.0
3,QAT,0.0,0.0,0.0,0.0,0.0
3,REU,2.0,2.0,1.0,2.0,3.0
3,ROM,2.0,2.0,6.0,3.0,4.0
3,RUS,2.0,2.0,6.0,3.0,4.0
3,RWA,2.0,2.0,1.0,2.0,3.0
3,SHN,2.0,2.0,2.0,3.0,3.0
3,KNA,2.0,2.0,2.0,3.0,3.0
3,LCA,2.0,2.0,2.0,3.0,3.0
3,VCT,2.0,2.0,2.0,3.0,3.0
3,WSM,7.0,2.0,0.0,0.0,0.0
3,SMR,7.0,2.0,4.0,3.0,3.0
3,STP,2.0,2.0,0.0,0.0,0.0
3,SAU,0.0,0.0,0.0,0.0,0.0
3,SEN,2.0,2.0,1.0,2.0,3.0
3,YUG,2.0,2.0,2.0,0.0,3.0
3,SYC,2.0,2.0,2.0,3.0,3.0
3,SLE,2.0,2.0,2.0,3.0,3.0
3,SGP,0.0,0.0,0.0,0.0,0.0
3,SVK,7.0,2.0,4.0,3.0,3.0
3,SVN,7.0,2.0,4.0,3.0,3.0
3,SLB,2.0,2.0,2.0,3.0,3.0
3,SOM,1.0,4.0,2.0,2.0,4.0
3,ZAF,2.0,2.0,2.0,3.0,3.0
3,ZAF,2.0,2.0,2.0,3.0,3.0
3,ESP,7.0,2.0,4.0,3.0,3.0
3,LKA,1.0,1.0,5.0,0.0,3.0
3,SPM,2.0,2.0,1.0,2.0,3.0
3,SDN,0.0,0.0,0.0,0.0,0.0
3,SUR,7.0,2.0,1.0,0.0,0.0
3,SWZ,7.0,0.0,0.0,0.0,0.0
3,SWE,2.0,2.0,2.0,0.0,0.0
3,CHE,7.0,2.0,4.0,3.0,3.0
3,SYR,1.0,1.0,6.0,1.0,3.0
3,TWN,0.0,0.0,0.0,0.0,0.0
3,TJK,1.0,2.0,2.0,1.0,3.0
3,TZA,2.0,2.0,2.0,3.0,3.0
3,TZA,2.0,2.0,2.0,3.0,3.0
3,THA,2.0,2.0,1.0,1.0,3.0
3,TGO,2.0,2.0,1.0,2.0,3.0
3,TKL,0.0,2.0,0.0,0.0,0.0
3,TON,7.0,2.0,0.0,0.0,0.0
3,TTO,2.0,2.0,2.0,3.0,3.0
3,TUN,0.0,0.0,0.0,0.0,0.0
3,TUR,0.0,0.0,0.0,0.0,0.0
3,TUR,1.0,1.0,6.0,1.0,3.0
3,TKM,2.0,2.0,6.0,3.0,4.0
3,TCA,2.0,2.0,2.0,3.0,3.0
3,TUV,5.0,2.0,1.0,1.0,0.0
3,UGA,2.0,2.0,2.0,3.0,3.0
3,UKR,2.0,2.0,6.0,3.0,4.0
3,ARE,0.0,0.0,0.0,0.0,0.0
3,GBR,2.0,2.0,2.0,3.0,3.0
3,USA,2.0,2.0,1.0,2.0,3.0
3,USA,2.0,2.0,1.0,2.0,3.0
3,URY,2.0,2.0,1.0,2.0,3.0
3,UZB,1.0,2.0,2.0,1.0,3.0
3,VUT,2.0,2.0,2.0,3.0,3.0
3,VEN,2.0,2.0,1.0,2.0,3.0
3,VNM,2.0,2.0,1.0,1.0,3.0
3,WLF,2.0,2.0,1.0,2.0,3.0
3,ESH,0.0,0.0,0.0,0.0,0.0
3,YEM,0.0,0.0,0.0,0.0,0.0
3,ZMB,2.0,2.0,2.0,3.0,3.0
3,ZWE,2.0,2.0,2.0,3.0,3.0
4,AFG,1.0,2.0,2.0,1.0,3.0
4,ALB,2.0,2.0,0.0,0.0,0.0
4,DZA,0.0,0.0,0.0,0.0,0.0
4,AND,7.0,2.0,4.0,3.0,3.0
4,AGO,2.0,2.0,2.0,3.0,3.0
4,AIA,2.0,2.0,2.0,3.0,3.0
4,ATG,2.0,2.0,2.0,3.0,3.0
4,ARG,2.0,2.0,1.0,2.0,3.0
4,ARM,1.0,1.0,6.0,1.0,3.0
4,ABW,7.0,2.0,1.0,0.0,0.0
4,AUS,2.0,2.0,2.0,3.0,3.0
4,AUS,2.0,2.0,2.0,3.0,3.0
4,AUT,7.0,2.0,4.0,3.0,3.0
4,AZE,1.0,1.0,6.0,1.0,3.0
4,BHS,2.0,2.0,2.0,3.0,3.0
4,BHR,0.0,0.0,0.0,0.0,0.0
4,BGD,1.0,1.0,7.0,1.0,4.0
4,BRB,2.0,2.0,2.0,3.0,3.0
4,BLR,0.0,0.0,0.0,0.0,0.0
4,BEL,7.0,2.0,4.0,3.0,3.0
4,BLZ,2.0,2.0,2.0,3.0,3.0
4,BEN,2.0,2.0,1.0,2.0,3.0
4,BEN,2.0,2.0,1.0,2.0,3.0
4,BMU,2.0,2.0,2.0,3.0,3.0
4,BTN,2.0,2.0,2.0,3.0,3.0
4,BOL,2.0,2.0,1.0,2.0,3.0
4,BOL,2.0,2.0,1.0,2.0,3.0
4,BIH,2.0,2.0,6.0,3.0,4.0
4,BWA,2.0,2.0,2.0,3.0,3.0
4,BRA,2.0,2.0,1.0,2.0,3.0
4,BRA,2.0,2.0,0.0,0.0,0.0
4,VGB,2.0,2.0,2.0,3.0,3.0
4,BRN,0.0,0.0,0.0,0.0,0.0
4,BGR,2.0,2.0,2.0,0.0,3.0
4,BFA,2.0,2.0,1.0,2.0,3.0
4,MMR,1.0,1.0,7.0,1.0,4.0
4,BDI,2.0,2.0,1.0,2.0,3.0
4,KHM,2.0,2.0,1.0,1.0,3.0
4,CMR,0.0,0.0,0.0,0.0,0.0
4,CAN,2.0,2.0,1.0,2.0,3.0
4,CAN,2.0,2.0,1.0,2.0,3.0
4,CPV,2.0,2.0,0.0,0.0,0.0
4,CYM,2.0,2.0,2.0,3.0,3.0
4,CAF,2.0,2.0,1.0,2.0,3.0
4,TCD,2.0,2.0,1.0,2.0,3.0
4,CHL,2.0,2.0,1.0,2.0,3.0
4,CHN,1.0,1.0,7.0,1.0,4.0
4,CXR,2.0,2.0,2.0,3.0,3.0
4,CCK,0.0,0.0,0.0,0.0,0.0
4,COL,2.0,2.0,0.0,0.0,0.0
4,COM,0.0,0.0,0.0,0.0,0.0
4,COG,2.0,2.0,1.0,2.0,3.0
4,ZAR,2.0,2.0,1.0,2.0,3.0
4,COK,2.0,2.0,2.0,3.0,3.0
4,CRI,2.0,2.0,1.0,2.0,3.0
4,HRV,2.0,2.0,6.0,3.0,4.0
4,CUB,2.0,2.0,1.0,2.0,3.0
4,CYP,0.0,0.0,0.0,0.0,0.0
4,CZE,7.0,2.0,4.0,3.0,3.0
4,CIV,2.0,2.0,1.0,2.0,3.0
4,CIV,2.0,2.0,1.0,2.0,3.0
4,DNK,2.0,2.0,6.0,0.0,5.0
4,DJI,1.0,4.0,2.0,2.0,4.0
4,DMA,2.0,2.0,2.0,3.0,3.0
4,DOM,2.0,2.0,1.0,2.0,3.0
4,TMP,2.0,2.0,1.0,1.0,3.0
4,ECU,2.0,2.0,0.0,0.0,0.0
4,EGY,0.0,0.0,0.0,0.0,0.0
4,SLV,2.0,2.0,1.0,2.0,3.0
4,GNQ,2.0,2.0,1.0,2.0,3.0
4,ERI,0.0,0.0,0.0,0.0,0.0
4,EST,2.0,2.0,5.0,2.0,4.0
4,ETH,1.0,4.0,2.0,2.0,4.0
4,FLK,2.0,2.0,2.0,3.0,3.0
4,FRO,0.0,0.0,0.0,0.0,0.0
4,FJI,2.0,2.0,2.0,3.0,3.0
4,FIN,2.0,2.0,2.0,0.0,0.0
4,FRA,7.0,2.0,4.0,3.0,3.0
4,GUF,2.0,2.0,1.0,2.0,3.0
4,PYF,2.0,2.0,1.0,2.0,3.0
4,ATF,2.0,2.0,1.0,2.0,3.0
4,GAB,2.0,2.0,1.0,2.0,3.0
4,GMB,2.0,2.0,1.0,2.0,3.0
4,GEO,1.0,1.0,6.0,1.0,3.0
4,DEU,7.0,2.0,4.0,3.0,3.0
4,DEU,2.0,2.0,6.0,0.0,5.0
4,GHA,2.0,2.0,1.0,2.0,3.0
4,GIB,2.0,2.0,1.0,2.0,3.0
4,GRC,2.0,2.0,0.0,0.0,0.0
4,GRL,0.0,0.0,0.0,0.0,0.0
4,GRD,2.0,2.0,2.0,3.0,3.0
4,GLP,2.0,2.0,1.0,2.0,3.0
4,GTM,2.0,2.0,1.0,2.0,3.0
4,GIN,2.0,2.0,1.0,2.0,3.0
4,GNB,2.0,2.0,1.0,2.0,3.0
4,GUY,7.0,2.0,1.0,0.0,0.0
4,HTI,2.0,2.0,1.0,2.0,3.0
4,HND,2.0,2.0,1.0,2.0,3.0
4,HKG,1.0,1.0,7.0,1.0,4.0
4,HUN,2.0,2.0,6.0,3.0,4.0
4,ISL,2.0,2.0,4.0,3.0,0.0
4,IND,2.0,2.0,2.0,3.0,3.0
4,IDN,2.0,2.0,1.0,1.0,3.0
4,IRN,1.0,1.0,6.0,1.0,3.0
4,IRQ,0.0,0.0,0.0,0.0,0.0
4,IRL,2.0,2.0,2.0,3.0,3.0
4,ISR,0.0,0.0,0.0,0.0,0.0
4,ITA,7.0,2.0,4.0,3.0,3.0
4,JAM,2.0,2.0,2.0,3.0,3.0
4,JPN,1.0,1.0,7.0,0.0,2.0
4,JOR,0.0,0.0,0.0,0.0,0.0
4,KAZ,1.0,2.0,2.0,1.0,3.0
4,KAZ,2.0,2.0,6.0,3.0,4.0
4,KEN,2.0,2.0,2.0,3.0,3.0
4,KIR,2.0,2.0,2.0,3.0,3.0
4,KOR,1.0,1.0,7.0,1.0,4.0
4,PRK,1.0,1.0,7.0,1.0,4.0
4,KWT,0.0,0.0,0.0,0.0,0.0
4,KGZ,1.0,2.0,0.0,0.0,0.0
4,LAO,2.0,2.0,0.0,0.0,0.0
4,LVA,2.0,2.0,6.0,3.0,4.0
4,LBN,1.0,1.0,6.0,1.0,3.0
4,LSO,2.0,2.0,2.0,3.0,3.0
4,LBR,2.0,2.0,1.0,2.0,3.0
4,LBY,0.0,0.0,0.0,0.0,0.0
4,LTU,0.0,0.0,0.0,0.0,0.0
4,LUX,2.0,2.0,6.0,0.0,5.0
4,MAC,1.0,1.0,7.0,1.0,4.0
4,MKD,2.0,2.0,0.0,0.0,0.0
4,MDG,2.0,2.0,1.0,2.0,3.0
4,MWI,2.0,2.0,2.0,3.0,3.0
4,MYS,0.0,0.0,0.0,0.0,0.0
4,MDV,0.0,0.0,0.0,0.0,0.0
4,MLI,2.0,2.0,1.0,2.0,3.0
4,MLT,2.0,2.0,2.0,3.0,3.0
4,MHL,2.0,2.0,2.0,3.0,3.0
4,MTQ,2.0,2.0,1.0,2.0,3.0
4,MRT,0.0,0.0,0.0,0.0,0.0
4,MUS,2.0,2.0,2.0,3.0,3.0
4,MEX,2.0,2.0,1.0,2.0,3.0
4,FSM,2.0,2.0,2.0,3.0,3.0
4,MDA,2.0,2.0,6.0,3.0,4.0
4,MNG,1.0,1.0,7.0,1.0,4.0
4,MSR,2.0,2.0,2.0,3.0,3.0
4,MAR,0.0,0.0,0.0,0.0,0.0
4,MOZ,2.0,2.0,2.0,3.0,3.0
4,NAM,2.0,2.0,2.0,3.0,3.0
4,NRU,7.0,0.0,0.0,0.0,0.0
4,NPL,2.0,2.0,2.0,3.0,3.0
4,ANT,7.0,2.0,1.0,0.0,0.0
4,NLD,7.0,2.0,4.0,3.0,3.0
4,NCL,2.0,2.0,1.0,2.0,3.0
4,NZL,2.0,2.0,2.0,3.0,3.0
4,NIC,2.0,2.0,1.0,2.0,3.0
4,NER,0.0,0.0,0.0,0.0,0.0
4,NGA,2.0,2.0,1.0,2.0,3.0
4,NGA,0.0,0.0,0.0,0.0,0.0
4,NIU,3.0,2.0,0.0,0.0,0.0
4,NFK,2.0,2.0,2.0,3.0,3.0
4,MNP,2.0,2.0,2.0,3.0,3.0
4,NOR,2.0,2.0,2.0,0.0,0.0
4,OMN,0.0,0.0,0.0,0.0,0.0
4,PAK,2.0,2.0,2.0,3.0,3.0
4,PLW,2.0,2.0,2.0,3.0,3.0
4,PAL,0.0,0.0,0.0,0.0,0.0
4,PAN,2.0,2.0,1.0,2.0,3.0
4,PNG,2.0,2.0,1.0,1.0,3.0
4,PRY,2.0,2.0,1.0,2.0,3.0
4,PER,2.0,2.0,1.0,2.0,3.0
4,PHL,2.0,2.0,2.0,3.0,3.0
4,PCN,2.0,2.0,2.0,3.0,3.0
4,POL,2.0,2.0,6.0,0.0,5.0
4,PRT,7.0,2.0,4.0,3.0,3.0
4,PRI,2.0,2.0,2.0,3.0,3.0
4,QAT,0.0,0.0,0.0,0.0,0.0
4,REU,2.0,2.0,1.0,2.0,3.0
4,ROM,2.0,2.0,6.0,3.0,4.0
4,RUS,2.0,2.0,6.0,3.0,4.0
4,RWA,2.0,2.0,1.0,2.0,3.0
4,SHN,2.0,2.0,2.0,3.0,3.0
4,KNA,2.0,2.0,2.0,3.0,3.0
4,LCA,2.0,2.0,2.0,3.0,3.0
4,VCT,2.0,2.0,2.0,3.0,3.0
4,WSM,7.0,2.0,0.0,0.0,0.0
4,SMR,7.0,2.0,4.0,3.0,3.0
4,STP,2.0,2.0,0.0,0.0,0.0
4,SAU,0.0,0.0,0.0,0.0,0.0
4,SEN,2.0,2.0,1.0,2.0,3.0
4,YUG,2.0,2.0,2.0,0.0,3.0
4,SYC,2.0,2.0,2.0,3.0,3.0
4,SLE,2.0,2.0,1.0,2.0,3.0
4,SGP,0.0,0.0,0.0,0.0,0.0
4,SVK,2.0,2.0,6.0,3.0,4.0
4,SVN,7.0,2.0,4.0,3.0,3.0
4,SLB,2.0,2.0,2.0,3.0,3.0
4,SOM,1.0,4.0,2.0,2.0,4.0
4,ZAF,2.0,2.0,2.0,3.0,3.0
4,ZAF,2.0,2.0,2.0,3.0,3.0
4,ESP,7.0,2.0,4.0,3.0,3.0
4,LKA,1.0,1.0,5.0,0.0,3.0
4,SPM,2.0,2.0,1.0,2.0,3.0
4,SDN,0.0,0.0,0.0,0.0,0.0
4,SUR,7.0,2.0,1.0,0.0,0.0
4,SWZ,7.0,0.0,0.0,0.0,0.0
4,SWE,2.0,2.0,2.0,0.0,0.0
4,CHE,7.0,2.0,4.0,3.0,3.0
4,SYR,1.0,1.0,6.0,1.0,3.0
4,TWN,0.0,0.0,0.0,0.0,0.0
4,TJK,1.0,1.0,7.0,1.0,4.0
4,TZA,2.0,2.0,2.0,3.0,3.0
4,TZA,2.0,2.0,2.0,3.0,3.0
4,THA,2.0,2.0,1.0,1.0,3.0
4,TGO,2.0,2.0,1.0,2.0,3.0
4,TKL,0.0,2.0,0.0,0.0,0.0
4,TON,7.0,2.0,0.0,0.0,0.0
4,TTO,2.0,2.0,2.0,3.0,3.0
4,TUN,0.0,0.0,0.0,0.0,0.0
4,TUR,1.0,1.0,6.0,1.0,3.0
4,TUR,1.0,1.0,6.0,1.0,3.0
4,TKM,2.0,2.0,6.0,3.0,4.0
4,TCA,2.0,2.0,2.0,3.0,3.0
4,TUV,5.0,2.0,1.0,1.0,0.0
4,UGA,2.0,2.0,2.0,3.0,3.0
4,UKR,2.0,2.0,6.0,3.0,4.0
4,ARE,0.0,0.0,0.0,0.0,0.0
4,GBR,2.0,2.0,2.0,3.0,3.0
4,USA,2.0,2.0,1.0,2.0,3.0
4,USA,2.0,2.0,1.0,2.0,3.0
4,URY,2.0,2.0,1.0,2.0,3.0
4,UZB,1.0,2.0,2.0,1.0,3.0
4,VUT,2.0,2.0,2.0,3.0,3.0
4,VEN,2.0,2.0,1.0,2.0,3.0
4,VNM,1.0,1.0,7.0,1.0,4.0
4,WLF,2.0,2.0,1.0,2.0,3.0
4,ESH,0.0,0.0,0.0,0.0,0.0
4,YEM,0.0,0.0,0.0,0.0,0.0
4,ZMB,2.0,2.0,2.0,3.0,3.0
4,ZWE,2.0,2.0,2.0,3.0,3.0
5,AFG,1.0,2.0,2.0,1.0,3.0
5,ALB,2.0,2.0,0.0,0.0,0.0
5,DZA,0.0,0.0,0.0,0.0,0.0
5,AND,7.0,2.0,4.0,3.0,3.0
5,AGO,2.0,2.0,2.0,3.0,3.0
5,AIA,2.0,2.0,2.0,3.0,3.0
5,ATG,2.0,2.0,2.0,3.0,3.0
5,ARG,2.0,2.0,1.0,2.0,3.0
5,ARM,1.0,1.0,6.0,1.0,3.0
5,ABW,7.0,2.0,1.0,0.0,0.0
5,AUS,2.0,2.0,2.0,3.0,3.0
5,AUS,2.0,2.0,2.0,3.0,3.0
5,AUT,7.0,2.0,4.0,3.0,3.0
5,AZE,1.0,1.0,6.0,1.0,3.0
5,BHS,2.0,2.0,2.0,3.0,3.0
5,BHR,0.0,0.0,0.0,0.0,0.0
5,BGD,1.0,1.0,7.0,1.0,4.0
5,BRB,2.0,2.0,2.0,3.0,3.0
5,BLR,2.0,2.0,6.0,3.0,4.0
5,BEL,7.0,2.0,4.0,3.0,3.0
5,BLZ,2.0,2.0,2.0,3.0,3.0
5,BEN,2.0,2.0,1.0,2.0,3.0
5,BEN,2.0,2.0,1.0,2.0,3.0
5,BMU,2.0,2.0,2.0,3.0,3.0
5,BTN,2.0,2.0,2.0,3.0,3.0
5,BOL,2.0,2.0,1.0,2.0,3.0
5,BOL,2.0,2.0,1.0,2.0,3.0
5,BIH,2.0,2.0,6.0,3.0,4.0
5,BWA,2.0,2.0,2.0,3.0,3.0
5,BRA,2.0,2.0,1.0,2.0,3.0
5,BRA,2.0,2.0,1.0,2.0,3.0
5,VGB,2.0,2.0,2.0,3.0,3.0
5,BRN,0.0,0.0,0.0,0.0,0.0
5,BGR,1.0,1.0,6.0,1.0,3.0
5,BFA,2.0,2.0,1.0,2.0,3.0
5,MMR,1.0,1.0,7.0,1.0,4.0
5,BDI,2.0,2.0,1.0,2.0,3.0
5,KHM,2.0,2.0,1.0,1.0,3.0
5,CMR,0.0,0.0,0.0,0.0,0.0
5,CAN,2.0,2.0,1.0,2.0,3.0
5,CAN,2.0,2.0,1.0,2.0,3.0
5,CPV,2.0,2.0,0.0,0.0,0.0
5,CYM,2.0,2.0,2.0,3.0,3.0
5,CAF,2.0,2.0,1.0,2.0,3.0
5,TCD,2.0,2.0,1.0,2.0,3.0
5,CHL,2.0,2.0,1.0,2.0,3.0
5,CHN,1.0,1.0,7.0,1.0,4.0
5,CXR,2.0,2.0,2.0,3.0,3.0
5,CCK,0.0,0.0,0.0,0.0,0.0
5,COL,2.0,2.0,0.0,0.0,0.0
5,COM,0.0,0.0,0.0,0.0,0.0
5,COG,2.0,2.0,1.0,2.0,3.0
5,ZAR,2.0,2.0,1.0,2.0,3.0
5,COK,2.0,2.0,2.0,3.0,3.0
5,CRI,2.0,2.0,1.0,2.0,3.0
5,HRV,2.0,2.0,6.0,3.0,4.0
5,CUB,2.0,2.0,1.0,2.0,3.0
5,CYP,0.0,0.0,0.0,0.0,0.0
5,CZE,2.0,2.0,6.0,0.0,5.0
5,CIV,2.0,2.0,1.0,2.0,3.0
5,CIV,2.0,2.0,1.0,2.0,3.0
5,DNK,2.0,2.0,6.0,0.0,5.0
5,DJI,1.0,4.0,2.0,2.0,4.0
5,DMA,2.0,2.0,2.0,3.0,3.0
5,DOM,2.0,2.0,1.0,2.0,3.0
5,TMP,2.0,2.0,1.0,1.0,3.0
5,ECU,2.0,2.0,0.0,0.0,0.0
5,EGY,0.0,0.0,0.0,0.0,0.0
5,SLV,2.0,2.0,1.0,2.0,3.0
5,GNQ,0.0,0.0,0.0,0.0,0.0
5,ERI,0.0,0.0,0.0,0.0,0.0
5,EST,2.0,2.0,5.0,2.0,4.0
5,ETH,1.0,4.0,2.0,2.0,4.0
5,FLK,2.0,2.0,2.0,3.0,3.0
5,FRO,0.0,0.0,0.0,0.0,0.0
5,FJI,2.0,2.0,2.0,3.0,3.0
5,FIN,2.0,2.0,6.0,3.0,4.0
5,FRA,7.0,2.0,4.0,3.0,3.0
5,GUF,2.0,2.0,1.0,2.0,3.0
5,PYF,2.0,2.0,1.0,2.0,3.0
5,ATF,2.0,2.0,1.0,2.0,3.0
5,GAB,2.0,2.0,1.0,2.0,3.0
5,GMB,2.0,2.0,1.0,2.0,3.0
5,GEO,2.0,2.0,6.0,3.0,4.0
5,DEU,7.0,2.0,4.0,3.0,3.0
5,DEU,2.0,2.0,6.0,0.0,5.0
5,GHA,2.0,2.0,1.0,2.0,3.0
5,GIB,2.0,2.0,1.0,2.0,3.0
5,GRC,2.0,2.0,0.0,0.0,0.0
5,GRL,0.0,0.0,0.0,0.0,0.0
5,GRD,2.0,2.0,2.0,3.0,3.0
5,GLP,2.0,2.0,1.0,2.0,3.0
5,GTM,2.0,2.0,1.0,2.0,3.0
5,GIN,2.0,2.0,1.0,2.0,3.0
5,GNB,2.0,2.0,1.0,2.0,3.0
5,GUY,7.0,2.0,1.0,0.0,0.0
5,HTI,2.0,2.0,1.0,2.0,3.0
5,HND,2.0,2.0,1.0,2.0,3.0
5,HKG,1.0,1.0,7.0,1.0,4.0
5,HUN,2.0,2.0,6.0,3.0,4.0
5,ISL,2.0,2.0,4.0,3.0,0.0
5,IND,1.0,1.0,7.0,1.0,4.0
5,IDN,2.0,2.0,1.0,1.0,3.0
5,IRN,1.0,1.0,6.0,1.0,3.0
5,IRQ,0.0,0.0,0.0,0.0,0.0
5,IRL,2.0,2.0,2.0,3.0,3.0
5,ISR,0.0,0.0,0.0,0.0,0.0
5,ITA,7.0,2.0,4.0,3.0,3.0
5,JAM,2.0,2.0,2.0,3.0,3.0
5,JPN,1.0,1.0,7.0,0.0,2.0
5,JOR,0.0,0.0,0.0,0.0,0.0
5,KAZ,1.0,2.0,0.0,0.0,0.0
5,KAZ,2.0,2.0,6.0,3.0,4.0
5,KEN,2.0,2.0,2.0,3.0,3.0
5,KIR,2.0,2.0,2.0,3.0,3.0
5,KOR,1.0,1.0,7.0,1.0,4.0
5,PRK,1.0,1.0,7.0,1.0,4.0
5,KWT,0.0,0.0,0.0,0.0,0.0
5,KGZ,1.0,2.0,0.0,0.0,0.0
5,LAO,1.0,1.0,7.0,1.0,4.0
5,LVA,2.0,2.0,6.0,3.0,4.0
5,LBN,0.0,0.0,0.0,0.0,0.0
5,LSO,2.0,2.0,2.0,3.0,3.0
5,LBR,2.0,2.0,1.0,2.0,3.0
5,LBY,0.0,0.0,0.0,0.0,0.0
5,LTU,2.0,2.0,6.0,0.0,5.0
5,LUX,2.0,2.0,6.0,0.0,5.0
5,MAC,1.0,1.0,7.0,1.0,4.0
5,MKD,2.0,2.0,0.0,0.0,0.0
5,MDG,2.0,2.0,1.0,2.0,3.0
5,MWI,2.0,2.0,2.0,3.0,3.0
5,MYS,2.0,2.0,1.0,1.0,3.0
5,MDV,0.0,0.0,0.0,0.0,0.0
5,MLI,2.0,2.0,1.0,2.0,3.0
5,MLT,2.0,2.0,2.0,3.0,3.0
5,MHL,2.0,2.0,2.0,3.0,3.0
5,MTQ,2.0,2.0,1.0,2.0,3.0
5,MRT,2.0,2.0,1.0,2.0,3.0
5,MUS,2.0,2.0,2.0,3.0,3.0
5,MEX,2.0,2.0,1.0,2.0,3.0
5,FSM,2.0,2.0,2.0,3.0,3.0
5,MDA,2.0,2.0,6.0,3.0,4.0
5,MNG,1.0,1.0,7.0,1.0,4.0
5,MSR,2.0,2.0,2.0,3.0,3.0
5,MAR,0.0,0.0,0.0,0.0,0.0
5,MOZ,2.0,2.0,2.0,3.0,3.0
5,NAM,2.0,2.0,2.0,3.0,3.0
5,NRU,7.0,0.0,0.0,0.0,0.0
5,NPL,2.0,2.0,2.0,3.0,3.0
5,ANT,7.0,2.0,1.0,0.0,0.0
5,NLD,7.0,2.0,4.0,3.0,3.0
5,NCL,2.0,2.0,1.0,2.0,3.0
5,NZL,2.0,2.0,2.0,3.0,3.0
5,NIC,2.0,2.0,1.0,2.0,3.0
5,NER,0.0,0.0,0.0,0.0,0.0
5,NGA,0.0,0.0,0.0,0.0,0.0
5,NGA,0.0,0.0,0.0,0.0,0.0
5,NIU,3.0,2.0,0.0,0.0,0.0
5,NFK,2.0,2.0,2.0,3.0,3.0
5,MNP,2.0,2.0,2.0,3.0,3.0
5,NOR,2.0,2.0,2.0,0.0,0.0
5,OMN,0.0,0.0,0.0,0.0,0.0
5,PAK,2.0,2.0,2.0,3.0,3.0
5,PLW,2.0,2.0,2.0,3.0,3.0
5,PAL,0.0,0.0,0.0,0.0,0.0
5,PAN,2.0,2.0,1.0,2.0,3.0
5,PNG,2.0,2.0,1.0,1.0,3.0
5,PRY,2.0,2.0,1.0,2.0,3.0
5,PER,2.0,2.0,1.0,2.0,3.0
5,PHL,2.0,2.0,2.0,3.0,3.0
5,PCN,2.0,2.0,2.0,3.0,3.0
5,POL,2.0,2.0,6.0,0.0,5.0
5,PRT,7.0,2.0,4.0,3.0,3.0
5,PRI,2.0,2.0,2.0,3.0,3.0
5,QAT,0.0,0.0,0.0,0.0,0.0
5,REU,2.0,2.0,1.0,2.0,3.0
5,ROM,2.0,2.0,6.0,3.0,4.0
5,RUS,2.0,2.0,6.0,3.0,4.0
5,RWA,2.0,2.0,1.0,2.0,3.0
5,SHN,2.0,2.0,2.0,3.0,3.0
5,KNA,2.0,2.0,2.0,3.0,3.0
5,LCA,2.0,2.0,2.0,3.0,3.0
5,VCT,2.0,2.0,2.0,3.0,3.0
5,WSM,7.0,2.0,0.0,0.0,0.0
5,SMR,7.0,2.0,4.0,3.0,3.0
5,STP,2.0,2.0,0.0,0.0,0.0
5,SAU,0.0,0.0,0.0,0.0,0.0
5,SEN,2.0,2.0,1.0,2.0,3.0
5,YUG,2.0,2.0,2.0,0.0,3.0
5,SYC,2.0,2.0,2.0,3.0,3.0
5,SLE,2.0,2.0,1.0,2.0,3.0
5,SGP,2.0,2.0,1.0,1.0,3.0
5,SVK,2.0,2.0,6.0,3.0,4.0
5,SVN,2.0,2.0,6.0,3.0,4.0
5,SLB,2.0,2.0,2.0,3.0,3.0
5,SOM,2.0,2.0,2.0,3.0,3.0
5,ZAF,2.0,2.0,2.0,3.0,3.0
5,ZAF,2.0,2.0,2.0,3.0,3.0
5,ESP,7.0,2.0,4.0,3.0,3.0
5,LKA,1.0,1.0,5.0,0.0,3.0
5,SPM,2.0,2.0,1.0,2.0,3.0
5,SDN,1.0,4.0,2.0,2.0,4.0
5,SUR,2.0,2.0,0.0,0.0,0.0
5,SWZ,7.0,0.0,0.0,0.0,0.0
5,SWE,2.0,2.0,6.0,3.0,4.0
5,CHE,7.0,2.0,4.0,3.0,3.0
5,SYR,1.0,1.0,6.0,1.0,3.0
5,TWN,0.0,0.0,0.0,0.0,0.0
5,TJK,1.0,1.0,7.0,1.0,4.0
5,TZA,2.0,2.0,2.0,3.0,3.0
5,TZA,2.0,2.0,1.0,2.0,3.0
5,THA,2.0,2.0,1.0,1.0,3.0
5,TGO,2.0,2.0,1.0,2.0,3.0
5,TKL,0.0,2.0,0.0,0.0,0.0
5,TON,7.0,2.0,0.0,0.0,0.0
5,TTO,2.0,2.0,2.0,3.0,3.0
5,TUN,0.0,0.0,0.0,0.0,0.0
5,TUR,1.0,1.0,6.0,1.0,3.0
5,TUR,1.0,1.0,6.0,1.0,3.0
5,TKM,2.0,2.0,6.0,3.0,4.0
5,TCA,2.0,2.0,2.0,3.0,3.0
5,TUV,5.0,2.0,1.0,1.0,0.0
5,UGA,2.0,2.0,2.0,3.0,3.0
5,UKR,2.0,2.0,6.0,3.0,4.0
5,ARE,0.0,0.0,0.0,0.0,0.0
5,GBR,2.0,2.0,2.0,3.0,3.0
5,USA,2.0,2.0,1.0,2.0,3.0
5,USA,2.0,2.0,1.0,2.0,3.0
5,URY,2.0,2.0,0.0,0.0,0.0
5,UZB,1.0,2.0,2.0,1.0,3.0
5,VUT,2.0,2.0,2.0,3.0,3.0
5,VEN,2.0,2.0,0.0,0.0,0.0
5,VNM,1.0,1.0,7.0,1.0,4.0
5,WLF,2.0,2.0,1.0,2.0,3.0
5,ESH,0.0,0.0,0.0,0.0,0.0
5,YEM,0.0,0.0,0.0,0.0,0.0
5,ZMB,2.0,2.0,2.0,3.0,3.0
5,ZWE,2.0,2.0,2.0,3.0,3.0
6,AFG,1.0,2.0,2.0,1.0,3.0
6,ALB,2.0,2.0,0.0,0.0,0.0
6,DZA,0.0,0.0,0.0,0.0,0.0
6,AND,7.0,2.0,4.0,3.0,3.0
6,AGO,2.0,2.0,2.0,3.0,3.0
6,AIA,2.0,2.0,2.0,3.0,3.0
6,ATG,2.0,2.0,2.0,3.0,3.0
6,ARG,2.0,2.0,1.0,2.0,3.0
6,ARM,1.0,1.0,6.0,1.0,3.0
6,ABW,7.0,2.0,1.0,0.0,0.0
6,AUS,2.0,2.0,2.0,3.0,3.0
6,AUS,2.0,2.0,2.0,3.0,3.0
6,AUT,2.0,2.0,6.0,3.0,4.0
6,AZE,1.0,1.0,6.0,1.0,3.0
6,BHS,2.0,2.0,2.0,3.0,3.0
6,BHR,0.0,0.0,0.0,0.0,0.0
6,BGD,1.0,1.0,7.0,1.0,4.0
6,BRB,2.0,2.0,2.0,3.0,3.0
6,BLR,2.0,2.0,6.0,3.0,4.0
6,BEL,7.0,2.0,4.0,3.0,3.0
6,BLZ,2.0,2.0,2.0,3.0,3.0
6,BEN,2.0,2.0,1.0,2.0,3.0
6,BEN,2.0,2.0,1.0,2.0,3.0
6,BMU,2.0,2.0,2.0,3.0,3.0
6,BTN,2.0,2.0,2.0,3.0,3.0
6,BOL,2.0,2.0,1.0,2.0,3.0
6,BOL,2.0,2.0,1.0,2.0,3.0
6,BIH,2.0,2.0,2.0,0.0,3.0
6,BWA,2.0,2.0,2.0,3.0,3.0
6,BRA,2.0,2.0,0.0,0.0,0.0
6,BRA,2.0,2.0,1.0,2.0,3.0
6,VGB,2.0,2.0,2.0,3.0,3.0
6,BRN,2.0,2.0,1.0,1.0,3.0
6,BGR,1.0,1.0,6.0,1.0,3.0
6,BFA,2.0,2.0,1.0,2.0,3.0
6,MMR,1.0,1.0,7.0,1.0,4.0
6,BDI,2.0,2.0,1.0,2.0,3.0
6,KHM,1.0,1.0,7.0,1.0,4.0
6,CMR,0.0,0.0,0.0,0.0,0.0
6,CAN,2.0,2.0,1.0,2.0,3.0
6,CAN,2.0,2.0,1.0,2.0,3.0
6,CPV,2.0,2.0,0.0,0.0,0.0
6,CYM,2.0,2.0,2.0,3.0,3.0
6,CAF,2.0,2.0,1.0,2.0,3.0
6,TCD,2.0,2.0,1.0,2.0,3.0
6,CHL,2.0,2.0,1.0,2.0,3.0
6,CHN,1.0,1.0,7.0,1.0,4.0
6,CXR,2.0,2.0,2.0,3.0,3.0
6,CCK,0.0,0.0,0.0,0.0,0.0
6,COL,2.0,2.0,1.0,2.0,3.0
6,COM,0.0,0.0,0.0,0.0,0.0
6,COG,2.0,2.0,1.0,2.0,3.0
6,ZAR,2.0,2.0,1.0,2.0,3.0
6,COK,2.0,2.0,2.0,3.0,3.0
6,CRI,2.0,2.0,1.0,2.0,3.0
6,HRV,2.0,2.0,6.0,3.0,4.0
6,CUB,2.0,2.0,1.0,2.0,3.0
6,CYP,0.0,0.0,0.0,0.0,0.0
6,CZE,7.0,2.0,4.0,3.0,3.0
6,CIV,2.0,2.0,1.0,2.0,3.0
6,CIV,2.0,2.0,1.0,2.0,3.0
6,DNK,2.0,2.0,6.0,0.0,5.0
6,DJI,1.0,4.0,2.0,2.0,4.0
6,DMA,2.0,2.0,2.0,3.0,3.0
6,DOM,2.0,2.0,1.0,2.0,3.0
6,TMP,2.0,2.0,1.0,1.0,3.0
6,ECU,2.0,2.0,0.0,0.0,0.0
6,EGY,0.0,0.0,0.0,0.0,0.0
6,SLV,2.0,2.0,1.0,2.0,3.0
6,GNQ,0.0,0.0,0.0,0.0,0.0
6,ERI,1.0,4.0,2.0,2.0,4.0
6,EST,2.0,2.0,6.0,3.0,4.0
6,ETH,1.0,4.0,2.0,2.0,4.0
6,FLK,2.0,2.0,2.0,3.0,3.0
6,FRO,0.0,0.0,0.0,0.0,0.0
6,FJI,2.0,2.0,2.0,3.0,3.0
6,FIN,2.0,2.0,2.0,0.0,0.0
6,FRA,7.0,2.0,4.0,3.0,3.0
6,GUF,2.0,2.0,1.0,2.0,3.0
6,PYF,2.0,2.0,1.0,2.0,3.0
6,ATF,2.0,2.0,1.0,2.0,3.0
6,GAB,2.0,2.0,1.0,2.0,3.0
6,GMB,2.0,2.0,1.0,2.0,3.0
6,GEO,1.0,1.0,6.0,1.0,3.0
6,DEU,7.0,2.0,4.0,3.0,3.0
6,DEU,2.0,2.0,6.0,0.0,5.0
6,GHA,2.0,2.0,1.0,2.0,3.0
6,GIB,2.0,2.0,1.0,2.0,3.0
6,GRC,2.0,2.0,0.0,0.0,0.0
6,GRL,0.0,0.0,0.0,0.0,0.0
6,GRD,2.0,2.0,2.0,3.0,3.0
6,GLP,2.0,2.0,1.0,2.0,3.0
6,GTM,2.0,2.0,1.0,2.0,3.0
6,GIN,2.0,2.0,1.0,2.0,3.0
6,GNB,2.0,2.0,1.0,2.0,3.0
6,GUY,7.0,2.0,1.0,0.0,0.0
6,HTI,2.0,2.0,1.0,2.0,3.0
6,HND,2.0,2.0,1.0,2.0,3.0
6,HKG,1.0,1.0,7.0,1.0,4.0
6,HUN,2.0,2.0,6.0,3.0,4.0
6,ISL,2.0,2.0,4.0,3.0,0.0
6,IND,1.0,1.0,7.0,1.0,4.0
6,IDN,2.0,2.0,1.0,1.0,3.0
6,IRN,1.0,1.0,6.0,1.0,3.0
6,IRQ,0.0,0.0,0.0,0.0,0.0
6,IRL,2.0,2.0,2.0,3.0,3.0
6,ISR,0.0,0.0,0.0,0.0,0.0
6,ITA,7.0,2.0,4.0,3.0,3.0
6,JAM,2.0,2.0,2.0,3.0,3.0
6,JPN,1.0,1.0,7.0,0.0,2.0
6,JOR,0.0,0.0,0.0,0.0,0.0
6,KAZ,1.0,2.0,0.0,0.0,0.0
6,KAZ,2.0,2.0,6.0,3.0,4.0
6,KEN,1.0,4.0,2.0,2.0,4.0
6,KIR,2.0,2.0,2.0,3.0,3.0
6,KOR,1.0,1.0,7.0,1.0,4.0
6,PRK,1.0,1.0,7.0,1.0,4.0
6,KWT,0.0,0.0,0.0,0.0,0.0
6,KGZ,1.0,2.0,0.0,0.0,0.0
6,LAO,1.0,1.0,7.0,1.0,4.0
6,LVA,2.0,2.0,6.0,3.0,4.0
6,LBN,0.0,0.0,0.0,0.0,0.0
6,LSO,2.0,2.0,2.0,3.0,3.0
6,LBR,2.0,2.0,1.0,2.0,3.0
6,LBY,0.0,0.0,0.0,0.0,0.0
6,LTU,2.0,2.0,6.0,3.0,4.0
6,LUX,2.0,2.0,6.0,0.0,5.0
6,MAC,1.0,1.0,7.0,1.0,4.0
6,MKD,2.0,2.0,0.0,0.0,0.0
6,MDG,2.0,2.0,1.0,2.0,3.0
6,MWI,2.0,2.0,2.0,3.0,3.0
6,MYS,2.0,2.0,1.0,1.0,3.0
6,MDV,0.0,0.0,0.0,0.0,0.0
6,MLI,0.0,0.0,0.0,0.0,0.0
6,MLT,2.0,2.0,2.0,3.0,3.0
6,MHL,2.0,2.0,2.0,3.0,3.0
6,MTQ,2.0,2.0,1.0,2.0,3.0
6,MRT,2.0,2.0,1.0,2.0,3.0
6,MUS,2.0,2.0,2.0,3.0,3.0
6,MEX,2.0,2.0,1.0,2.0,3.0
6,FSM,2.0,2.0,2.0,3.0,3.0
6,MDA,2.0,2.0,6.0,3.0,4.0
6,MNG,1.0,1.0,7.0,1.0,4.0
6,MSR,2.0,2.0,2.0,3.0,3.0
6,MAR,0.0,0.0,0.0,0.0,0.0
6,MOZ,2.0,2.0,2.0,3.0,3.0
6,NAM,2.0,2.0,2.0,3.0,3.0
6,NRU,7.0,0.0,0.0,0.0,0.0
6,NPL,1.0,1.0,7.0,1.0,4.0
6,ANT,7.0,2.0,1.0,0.0,0.0
6,NLD,7.0,2.0,4.0,3.0,3.0
6,NCL,2.0,2.0,1.0,2.0,3.0
6,NZL,2.0,2.0,2.0,3.0,3.0
6,NIC,2.0,2.0,1.0,2.0,3.0
6,NER,0.0,0.0,0.0,0.0,0.0
6,NGA,0.0,0.0,0.0,0.0,0.0
6,NGA,2.0,2.0,1.0,2.0,3.0
6,NIU,3.0,2.0,0.0,0.0,0.0
6,NFK,2.0,2.0,2.0,3.0,3.0
6,MNP,2.0,2.0,2.0,3.0,3.0
6,NOR,2.0,2.0,2.0,0.0,0.0
6,OMN,0.0,0.0,0.0,0.0,0.0
6,PAK,2.0,2.0,2.0,3.0,3.0
6,PLW,2.0,2.0,2.0,3.0,3.0
6,PAL,0.0,0.0,0.0,0.0,0.0
6,PAN,2.0,2.0,1.0,2.0,3.0
6,PNG,2.0,2.0,1.0,1.0,3.0
6,PRY,2.0,2.0,1.0,2.0,3.0
6,PER,2.0,2.0,1.0,2.0,3.0
6,PHL,2.0,2.0,2.0,3.0,3.0
6,PCN,2.0,2.0,2.0,3.0,3.0
6,POL,2.0,2.0,6.0,3.0,4.0
6,PRT,7.0,2.0,4.0,3.0,3.0
6,PRI,2.0,2.0,2.0,3.0,3.0
6,QAT,0.0,0.0,0.0,0.0,0.0
6,REU,2.0,2.0,1.0,2.0,3.0
6,ROM,1.0,1.0,6.0,1.0,3.0
6,RUS,2.0,2.0,6.0,3.0,4.0
6,RWA,2.0,2.0,1.0,2.0,3.0
6,SHN,2.0,2.0,2.0,3.0,3.0
6,KNA,2.0,2.0,2.0,3.0,3.0
6,LCA,2.0,2.0,2.0,3.0,3.0
6,VCT,2.0,2.0,2.0,3.0,3.0
6,WSM,7.0,2.0,0.0,0.0,0.0
6,SMR,7.0,2.0,4.0,3.0,3.0
6,STP,2.0,2.0,0.0,0.0,0.0
6,SAU,0.0,0.0,0.0,0.0,0.0
6,SEN,2.0,2.0,1.0,2.0,3.0
6,YUG,2.0,2.0,2.0,0.0,3.0
6,SYC,2.0,2.0,2.0,3.0,3.0
6,SLE,2.0,2.0,1.0,2.0,3.0
6,SGP,2.0,2.0,1.0,1.0,3.0
6,SVK,2.0,2.0,6.0,3.0,4.0
6,SVN,2.0,2.0,6.0,3.0,4.0
6,SLB,2.0,2.0,2.0,3.0,3.0
6,SOM,1.0,4.0,2.0,2.0,4.0
6,ZAF,2.0,2.0,2.0,3.0,3.0
6,ZAF,2.0,2.0,2.0,3.0,3.0
6,ESP,7.0,2.0,4.0,3.0,3.0
6,LKA,1.0,1.0,5.0,0.0,3.0
6,SPM,2.0,2.0,1.0,2.0,3.0
6,SDN,1.0,4.0,2.0,2.0,4.0
6,SUR,2.0,2.0,0.0,0.0,0.0
6,SWZ,7.0,0.0,0.0,0.0,0.0
6,SWE,2.0,2.0,6.0,3.0,4.0
6,CHE,2.0,2.0,6.0,0.0,5.0
6,SYR,0.0,0.0,0.0,0.0,0.0
6,TWN,0.0,0.0,0.0,0.0,0.0
6,TJK,1.0,1.0,7.0,1.0,4.0
6,TZA,2.0,2.0,1.0,2.0,3.0
6,TZA,2.0,2.0,1.0,2.0,3.0
6,THA,1.0,1.0,7.0,1.0,4.0
6,TGO,2.0,2.0,1.0,2.0,3.0
6,TKL,0.0,2.0,0.0,0.0,0.0
6,TON,7.0,2.0,0.0,0.0,0.0
6,TTO,2.0,2.0,2.0,3.0,3.0
6,TUN,0.0,0.0,0.0,0.0,0.0
6,TUR,1.0,1.0,6.0,1.0,3.0
6,TUR,1.0,1.0,6.0,1.0,3.0
6,TKM,1.0,2.0,0.0,0.0,0.0
6,TCA,2.0,2.0,2.0,3.0,3.0
6,TUV,5.0,2.0,1.0,1.0,0.0
6,UGA,2.0,2.0,1.0,2.0,3.0
6,UKR,2.0,2.0,6.0,3.0,4.0
6,ARE,0.0,0.0,0.0,0.0,0.0
6,GBR,2.0,2.0,2.0,3.0,3.0
6,USA,2.0,2.0,1.0,2.0,3.0
6,USA,2.0,2.0,1.0,2.0,3.0
6,URY,2.0,2.0,0.0,0.0,0.0
6,UZB,1.0,2.0,2.0,1.0,3.0
6,VUT,2.0,2.0,2.0,3.0,3.0
6,VEN,2.0,2.0,0.0,0.0,0.0
6,VNM,1.0,1.0,7.0,1.0,4.0
6,WLF,2.0,2.0,1.0,2.0,3.0
6,ESH,0.0,0.0,0.0,0.0,0.0
6,YEM,0.0,0.0,0.0,0.0,0.0
6,ZMB,2.0,2.0,2.0,3.0,3.0
6,ZWE,2.0,2.0,2.0,3.0,3.0
7,AFG,1.0,1.0,6.0,1.0,3.0
7,ALB,2.0,2.0,0.0,0.0,0.0
7,DZA,0.0,0.0,0.0,0.0,0.0
7,AND,7.0,2.0,4.0,3.0,3.0
7,AGO,2.0,2.0,1.0,2.0,3.0
7,AIA,2.0,2.0,2.0,3.0,3.0
7,ATG,2.0,2.0,2.0,3.0,3.0
7,ARG,2.0,2.0,1.0,2.0,3.0
7,ARM,1.0,1.0,6.0,1.0,3.0
7,ABW,7.0,2.0,1.0,0.0,0.0
7,AUS,2.0,2.0,2.0,3.0,3.0
7,AUS,2.0,2.0,2.0,3.0,3.0
7,AUT,2.0,2.0,6.0,3.0,4.0
7,AZE,1.0,1.0,6.0,1.0,3.0
7,BHS,2.0,2.0,2.0,3.0,3.0
7,BHR,0.0,0.0,0.0,0.0,0.0
7,BGD,1.0,1.0,7.0,1.0,4.0
7,BRB,2.0,2.0,2.0,3.0,3.0
7,BLR,2.0,2.0,6.0,3.0,4.0
7,BEL,7.0,2.0,4.0,3.0,3.0
7,BLZ,2.0,2.0,1.0,2.0,3.0
7,BEN,0.0,0.0,0.0,0.0,0.0
7,BEN,2.0,2.0,1.0,2.0,3.0
7,BMU,2.0,2.0,2.0,3.0,3.0
7,BTN,1.0,1.0,7.0,1.0,4.0
7,BOL,2.0,2.0,1.0,2.0,3.0
7,BOL,2.0,2.0,1.0,2.0,3.0
7,BIH,2.0,2.0,2.0,0.0,3.0
7,BWA,2.0,2.0,2.0,3.0,3.0
7,BRA,2.0,2.0,1.0,2.0,3.0
7,BRA,2.0,2.0,1.0,2.0,3.0
7,VGB,2.0,2.0,2.0,3.0,3.0
7,BRN,2.0,2.0,1.0,1.0,3.0
7,BGR,1.0,1.0,6.0,1.0,3.0
7,BFA,2.0,2.0,1.0,2.0,3.0
7,MMR,1.0,1.0,7.0,1.0,4.0
7,BDI,2.0,2.0,1.0,2.0,3.0
7,KHM,1.0,1.0,7.0,1.0,4.0
7,CMR,2.0,2.0,1.0,2.0,3.0
7,CAN,2.0,2.0,1.0,2.0,3.0
7,CAN,2.0,2.0,1.0,2.0,3.0
7,CPV,2.0,2.0,0.0,0.0,0.0
7,CYM,2.0,2.0,2.0,3.0,3.0
7,CAF,2.0,2.0,1.0,2.0,3.0
7,TCD,2.0,2.0,1.0,2.0,3.0
7,CHL,2.0,2.0,1.0,2.0,3.0
7,CHN,1.0,1.0,7.0,1.0,4.0
7,CXR,2.0,2.0,2.0,3.0,3.0
7,CCK,0.0,0.0,0.0,0.0,0.0
7,COL,2.0,2.0,1.0,2.0,3.0
7,COM,0.0,0.0,0.0,0.0,0.0
7,COG,2.0,2.0,1.0,2.0,3.0
7,ZAR,2.0,2.0,1.0,2.0,3.0
7,COK,2.0,2.0,2.0,3.0,3.0
7,CRI,2.0,2.0,1.0,2.0,3.0
7,HRV,2.0,2.0,6.0,3.0,4.0
7,CUB,2.0,2.0,1.0,2.0,3.0
7,CYP,0.0,0.0,0.0,0.0,0.0
7,CZE,7.0,2.0,4.0,3.0,3.0
7,CIV,2.0,2.0,1.0,2.0,3.0
7,CIV,2.0,2.0,1.0,2.0,3.0
7,DNK,2.0,2.0,6.0,0.0,5.0
7,DJI,1.0,4.0,2.0,2.0,4.0
7,DMA,2.0,2.0,2.0,3.0,3.0
7,DOM,2.0,2.0,1.0,2.0,3.0
7,TMP,2.0,2.0,1.0,1.0,3.0
7,ECU,2.0,2.0,1.0,2.0,3.0
7,EGY,0.0,0.0,0.0,0.0,0.0
7,SLV,2.0,2.0,1.0,2.0,3.0
7,GNQ,0.0,0.0,0.0,0.0,0.0
7,ERI,1.0,4.0,2.0,2.0,4.0
7,EST,2.0,2.0,6.0,3.0,4.0
7,ETH,0.0,0.0,0.0,0.0,0.0
7,FLK,2.0,2.0,2.0,3.0,3.0
7,FRO,0.0,0.0,0.0,0.0,0.0
7,FJI,2.0,2.0,2.0,3.0,3.0
7,FIN,2.0,2.0,2.0,0.0,0.0
7,FRA,7.0,2.0,4.0,3.0,3.0
7,GUF,2.0,2.0,0.0,0.0,0.0
7,PYF,2.0,2.0,1.0,2.0,3.0
7,ATF,2.0,2.0,1.0,2.0,3.0
7,GAB,2.0,2.0,1.0,2.0,3.0
7,GMB,2.0,2.0,1.0,2.0,3.0
7,GEO,1.0,1.0,6.0,1.0,3.0
7,DEU,2.0,2.0,6.0,3.0,4.0
7,DEU,2.0,2.0,6.0,0.0,5.0
7,GHA,2.0,2.0,1.0,2.0,3.0
7,GIB,7.0,2.0,4.0,3.0,3.0
7,GRC,1.0,1.0,6.0,1.0,3.0
7,GRL,0.0,0.0,0.0,0.0,0.0
7,GRD,2.0,2.0,2.0,3.0,3.0
7,GLP,2.0,2.0,1.0,2.0,3.0
7,GTM,2.0,2.0,1.0,2.0,3.0
7,GIN,2.0,2.0,1.0,2.0,3.0
7,GNB,2.0,2.0,1.0,2.0,3.0
7,GUY,2.0,2.0,1.0,2.0,3.0
7,HTI,2.0,2.0,1.0,2.0,3.0
7,HND,2.0,2.0,1.0,2.0,3.0
7,HKG,1.0,1.0,7.0,1.0,4.0
7,HUN,2.0,2.0,6.0,3.0,4.0
7,ISL,2.0,2.0,4.0,3.0,0.0
7,IND,1.0,1.0,7.0,1.0,4.0
7,IDN,2.0,2.0,1.0,1.0,3.0
7,IRN,1.0,1.0,6.0,1.0,3.0
7,IRQ,1.0,1.0,6.0,1.0,3.0
7,IRL,2.0,2.0,2.0,3.0,3.0
7,ISR,0.0,0.0,0.0,0.0,0.0
7,ITA,7.0,2.0,4.0,3.0,3.0
7,JAM,2.0,2.0,2.0,3.0,3.0
7,JPN,1.0,1.0,7.0,0.0,2.0
7,JOR,0.0,0.0,0.0,0.0,0.0
7,KAZ,1.0,1.0,7.0,1.0,4.0
7,KAZ,2.0,2.0,6.0,3.0,4.0
7,KEN,1.0,4.0,2.0,2.0,4.0
7,KIR,2.0,2.0,2.0,3.0,3.0
7,KOR,1.0,1.0,7.0,1.0,4.0
7,PRK,1.0,1.0,7.0,1.0,4.0
7,KWT,0.0,0.0,0.0,0.0,0.0
7,KGZ,1.0,1.0,7.0,1.0,4.0
7,LAO,1.0,1.0,7.0,1.0,4.0
7,LVA,2.0,2.0,6.0,3.0,4.0
7,LBN,0.0,0.0,0.0,0.0,0.0
7,LSO,2.0,2.0,2.0,3.0,3.0
7,LBR,2.0,2.0,1.0,2.0,3.0
7,LBY,0.0,0.0,0.0,0.0,0.0
7,LTU,2.0,2.0,6.0,3.0,4.0
7,LUX,2.0,2.0,6.0,0.0,5.0
7,MAC,1.0,1.0,7.0,1.0,4.0
7,MKD,2.0,2.0,0.0,0.0,0.0
7,MDG,2.0,2.0,1.0,2.0,3.0
7,MWI,2.0,2.0,2.0,3.0,3.0
7,MYS,1.0,1.0,7.0,1.0,4.0
7,MDV,0.0,0.0,0.0,0.0,0.0
7,MLI,0.0,0.0,0.0,0.0,0.0
7,MLT,2.0,2.0,2.0,3.0,3.0
7,MHL,2.0,2.0,2.0,3.0,3.0
7,MTQ,2.0,2.0,1.0,2.0,3.0
7,MRT,0.0,0.0,0.0,0.0,0.0
7,MUS,2.0,2.0,2.0,3.0,3.0
7,MEX,2.0,2.0,1.0,2.0,3.0
7,FSM,2.0,2.0,2.0,3.0,3.0
7,MDA,2.0,2.0,6.0,3.0,4.0
7,MNG,2.0,2.0,6.0,3.0,4.0
7,MSR,2.0,2.0,2.0,3.0,3.0
7,MAR,0.0,0.0,0.0,0.0,0.0
7,MOZ,2.0,2.0,1.0,2.0,3.0
7,NAM,2.0,2.0,2.0,3.0,3.0
7,NRU,7.0,0.0,0.0,0.0,0.0
7,NPL,1.0,1.0,7.0,1.0,4.0
7,ANT,7.0,2.0,1.0,0.0,0.0
7,NLD,7.0,2.0,4.0,3.0,3.0
7,NCL,2.0,2.0,1.0,2.0,3.0
7,NZL,2.0,2.0,2.0,3.0,3.0
7,NIC,2.0,2.0,1.0,2.0,3.0
7,NER,0.0,0.0,0.0,0.0,0.0
7,NGA,0.0,0.0,0.0,0.0,0.0
7,NGA,2.0,2.0,1.0,2.0,3.0
7,NIU,3.0,2.0,0.0,0.0,0.0
7,NFK,2.0,2.0,2.0,3.0,3.0
7,MNP,2.0,2.0,2.0,3.0,3.0
7,NOR,2.0,2.0,2.0,0.0,0.0
7,OMN,0.0,0.0,0.0,0.0,0.0
7,PAK,2.0,2.0,2.0,3.0,3.0
7,PLW,2.0,2.0,2.0,3.0,3.0
7,PAL,0.0,0.0,0.0,0.0,0.0
7,PAN,2.0,2.0,1.0,2.0,3.0
7,PNG,2.0,2.0,1.0,1.0,3.0
7,PRY,2.0,2.0,1.0,2.0,3.0
7,PER,2.0,2.0,1.0,2.0,3.0
7,PHL,2.0,2.0,2.0,3.0,3.0
7,PCN,2.0,2.0,2.0,3.0,3.0
7,POL,2.0,2.0,6.0,3.0,4.0
7,PRT,7.0,2.0,4.0,3.0,3.0
7,PRI,2.0,2.0,2.0,3.0,3.0
7,QAT,0.0,0.0,0.0,0.0,0.0
7,REU,2.0,2.0,1.0,2.0,3.0
7,ROM,1.0,1.0,6.0,1.0,3.0
7,RUS,2.0,2.0,6.0,3.0,4.0
7,RWA,2.0,2.0,1.0,2.0,3.0
7,SHN,2.0,2.0,2.0,3.0,3.0
7,KNA,2.0,2.0,2.0,3.0,3.0
7,LCA,2.0,2.0,2.0,3.0,3.0
7,VCT,2.0,2.0,2.0,3.0,3.0
7,WSM,7.0,2.0,0.0,0.0,0.0
7,SMR,7.0,2.0,4.0,3.0,3.0
7,STP,2.0,2.0,0.0,0.0,0.0
7,SAU,0.0,0.0,0.0,0.0,0.0
7,SEN,2.0,2.0,1.0,2.0,3.0
7,YUG,2.0,2.0,2.0,0.0,3.0
7,SYC,2.0,2.0,2.0,3.0,3.0
7,SLE,2.0,2.0,1.0,2.0,3.0
7,SGP,1.0,1.0,7.0,1.0,4.0
7,SVK,2.0,2.0,6.0,3.0,4.0
7,SVN,2.0,2.0,6.0,3.0,4.0
7,SLB,2.0,2.0,2.0,3.0,3.0
7,SOM,1.0,4.0,2.0,2.0,4.0
7,ZAF,2.0,2.0,2.0,3.0,3.0
7,ZAF,2.0,2.0,2.0,3.0,3.0
7,ESP,7.0,2.0,4.0,3.0,3.0
7,LKA,1.0,1.0,5.0,0.0,3.0
7,SPM,2.0,2.0,1.0,2.0,3.0
7,SDN,0.0,0.0,0.0,0.0,0.0
7,SUR,2.0,2.0,0.0,0.0,0.0
7,SWZ,2.0,2.0,2.0,3.0,3.0
7,SWE,2.0,2.0,6.0,3.0,4.0
7,CHE,2.0,2.0,6.0,0.0,5.0
7,SYR,0.0,0.0,0.0,0.0,0.0
7,TWN,0.0,0.0,0.0,0.0,0.0
7,TJK,1.0,1.0,7.0,1.0,4.0
7,TZA,1.0,4.0,2.0,2.0,4.0
7,TZA,2.0,2.0,1.0,2.0,3.0
7,THA,1.0,1.0,7.0,1.0,4.0
7,TGO,2.0,2.0,1.0,2.0,3.0
7,TKL,0.0,2.0,0.0,0.0,0.0
7,TON,7.0,2.0,0.0,0.0,0.0
7,TTO,2.0,2.0,2.0,3.0,3.0
7,TUN,0.0,0.0,0.0,0.0,0.0
7,TUR,1.0,1.0,6.0,1.0,3.0
7,TUR,1.0,1.0,6.0,1.0,3.0
7,TKM,1.0,2.0,0.0,0.0,0.0
7,TCA,2.0,2.0,2.0,3.0,3.0
7,TUV,5.0,2.0,1.0,1.0,0.0
7,UGA,2.0,2.0,1.0,2.0,3.0
7,UKR,2.0,2.0,6.0,3.0,4.0
7,ARE,0.0,0.0,0.0,0.0,0.0
7,GBR,2.0,2.0,2.0,3.0,3.0
7,USA,2.0,2.0,1.0,2.0,3.0
7,USA,2.0,2.0,1.0,2.0,3.0
7,URY,2.0,2.0,0.0,0.0,0.0
7,UZB,1.0,2.0,2.0,1.0,3.0
7,VUT,2.0,2.0,2.0,3.0,3.0
7,VEN,2.0,2.0,1.0,2.0,3.0
7,VNM,1.0,1.0,7.0,1.0,4.0
7,WLF,2.0,2.0,1.0,2.0,3.0
7,ESH,0.0,0.0,0.0,0.0,0.0
7,YEM,0.0,0.0,0.0,0.0,0.0
7,ZMB,2.0,2.0,1.0,2.0,3.0
7,ZWE,2.0,2.0,2.0,3.0,3.0
8,AFG,1.0,1.0,6.0,1.0,3.0
8,ALB,1.0,1.0,6.0,1.0,3.0
8,DZA,0.0,0.0,0.0,0.0,0.0
8,AND,7.0,2.0,4.0,3.0,3.0
8,AGO,2.0,2.0,1.0,2.0,3.0
8,AIA,2.0,2.0,2.0,3.0,3.0
8,ATG,2.0,2.0,2.0,3.0,3.0
8,ARG,2.0,2.0,1.0,2.0,3.0
8,ARM,1.0,1.0,6.0,1.0,3.0
8,ABW,7.0,2.0,1.0,0.0,0.0
8,AUS,2.0,2.0,2.0,3.0,3.0
8,AUS,2.0,2.0,2.0,3.0,3.0
8,AUT,2.0,2.0,6.0,3.0,4.0
8,AZE,1.0,1.0,6.0,1.0,3.0
8,BHS,2.0,2.0,2.0,3.0,3.0
8,BHR,0.0,0.0,0.0,0.0,0.0
8,BGD,1.0,1.0,7.0,1.0,4.0
8,BRB,2.0,2.0,2.0,3.0,3.0
8,BLR,2.0,2.0,6.0,3.0,4.0
8,BEL,7.0,2.0,4.0,3.0,3.0
8,BLZ,2.0,2.0,1.0,2.0,3.0
8,BEN,2.0,2.0,1.0,2.0,3.0
8,BEN,2.0,2.0,1.0,2.0,3.0
8,BMU,2.0,2.0,2.0,3.0,3.0
8,BTN,1.0,1.0,7.0,1.0,4.0
8,BOL,2.0,2.0,1.0,2.0,3.0
8,BOL,2.0,2.0,1.0,2.0,3.0
8,BIH,2.0,2.0,2.0,0.0,3.0
8,BWA,2.0,2.0,2.0,3.0,3.0
8,BRA,2.0,2.0,1.0,2.0,3.0
8,BRA,2.0,2.0,1.0,2.0,3.0
8,VGB,2.0,2.0,2.0,3.0,3.0
8,BRN,2.0,2.0,1.0,1.0,3.0
8,BGR,1.0,1.0,6.0,1.0,3.0
8,BFA,2.0,2.0,1.0,2.0,3.0
8,MMR,1.0,1.0,7.0,1.0,4.0
8,BDI,2.0,2.0,1.0,2.0,3.0
8,KHM,1.0,1.0,7.0,1.0,4.0
8,CMR,2.0,2.0,1.0,2.0,3.0
8,CAN,2.0,2.0,1.0,2.0,3.0
8,CAN,2.0,2.0,1.0,2.0,3.0
8,CPV,2.0,2.0,0.0,0.0,0.0
8,CYM,2.0,2.0,2.0,3.0,3.0
8,CAF,2.0,2.0,1.0,2.0,3.0
8,TCD,2.0,2.0,1.0,2.0,3.0
8,CHL,2.0,2.0,1.0,2.0,3.0
8,CHN,1.0,1.0,7.0,1.0,4.0
8,CXR,2.0,2.0,2.0,3.0,3.0
8,CCK,0.0,0.0,0.0,0.0,0.0
8,COL,2.0,2.0,1.0,2.0,3.0
8,COM,0.0,0.0,0.0,0.0,0.0
8,COG,2.0,2.0,1.0,2.0,3.0
8,ZAR,2.0,2.0,1.0,2.0,3.0
8,COK,2.0,2.0,2.0,3.0,3.0
8,CRI,2.0,2.0,1.0,2.0,3.0
8,HRV,2.0,2.0,6.0,3.0,4.0
8,CUB,2.0,2.0,1.0,2.0,3.0
8,CYP,0.0,0.0,0.0,0.0,0.0
8,CZE,7.0,2.0,4.0,3.0,3.0
8,CIV,2.0,2.0,1.0,2.0,3.0
8,CIV,2.0,2.0,1.0,2.0,3.0
8,DNK,2.0,2.0,6.0,0.0,5.0
8,DJI,1.0,4.0,2.0,2.0,4.0
8,DMA,2.0,2.0,2.0,3.0,3.0
8,DOM,2.0,2.0,1.0,2.0,3.0
8,TMP,2.0,2.0,1.0,1.0,3.0
8,ECU,2.0,2.0,1.0,2.0,3.0
8,EGY,0.0,0.0,0.0,0.0,0.0
8,SLV,2.0,2.0,1.0,2.0,3.0
8,GNQ,0.0,0.0,0.0,0.0,0.0
8,ERI,1.0,4.0,2.0,2.0,4.0
8,EST,2.0,2.0,6.0,3.0,4.0
8,ETH,0.0,0.0,0.0,0.0,0.0
8,FLK,2.0,2.0,2.0,3.0,3.0
8,FRO,0.0,0.0,0.0,0.0,0.0
8,FJI,2.0,2.0,2.0,3.0,3.0
8,FIN,2.0,2.0,2.0,0.0,0.0
8,FRA,7.0,2.0,4.0,3.0,3.0
8,GUF,2.0,2.0,1.0,2.0,3.0
8,PYF,2.0,2.0,1.0,2.0,3.0
8,ATF,2.0,2.0,1.0,2.0,3.0
8,GAB,2.0,2.0,1.0,2.0,3.0
8,GMB,2.0,2.0,1.0,2.0,3.0
8,GEO,1.0,1.0,6.0,1.0,3.0
8,DEU,2.0,2.0,6.0,3.0,4.0
8,DEU,2.0,2.0,6.0,0.0,5.0
8,GHA,2.0,2.0,1.0,2.0,3.0
8,GIB,7.0,2.0,4.0,3.0,3.0
8,GRC,1.0,1.0,6.0,1.0,3.0
8,GRL,0.0,0.0,0.0,0.0,0.0
8,GRD,2.0,2.0,2.0,3.0,3.0
8,GLP,2.0,2.0,1.0,2.0,3.0
8,GTM,2.0,2.0,1.0,2.0,3.0
8,GIN,2.0,2.0,1.0,2.0,3.0
8,GNB,2.0,2.0,1.0,2.0,3.0
8,GUY,2.0,2.0,1.0,2.0,3.0
8,HTI,2.0,2.0,1.0,2.0,3.0
8,HND,2.0,2.0,1.0,2.0,3.0
8,HKG,1.0,1.0,7.0,1.0,4.0
8,HUN,2.0,2.0,2.0,0.0,3.0
8,ISL,2.0,2.0,4.0,3.0,0.0
8,IND,1.0,1.0,7.0,1.0,4.0
8,IDN,2.0,2.0,1.0,1.0,3.0
8,IRN,1.0,1.0,6.0,1.0,3.0
8,IRQ,1.0,1.0,6.0,1.0,3.0
8,IRL,2.0,2.0,2.0,3.0,3.0
8,ISR,0.0,0.0,0.0,0.0,0.0
8,ITA,7.0,2.0,4.0,3.0,3.0
8,JAM,2.0,2.0,2.0,3.0,3.0
8,JPN,1.0,1.0,7.0,0.0,2.0
8,JOR,1.0,1.0,6.0,1.0,3.0
8,KAZ,1.0,1.0,7.0,1.0,4.0
8,KAZ,2.0,2.0,6.0,3.0,4.0
8,KEN,1.0,4.0,2.0,2.0,4.0
8,KIR,2.0,2.0,2.0,3.0,3.0
8,KOR,1.0,1.0,7.0,1.0,4.0
8,PRK,1.0,1.0,7.0,1.0,4.0
8,KWT,0.0,0.0,0.0,0.0,0.0
8,KGZ,1.0,2.0,2.0,1.0,3.0
8,LAO,1.0,1.0,7.0,1.0,4.0
8,LVA,2.0,2.0,6.0,3.0,4.0
8,LBN,0.0,0.0,0.0,0.0,0.0
8,LSO,2.0,2.0,2.0,3.0,3.0
8,LBR,2.0,2.0,1.0,2.0,3.0
8,LBY,0.0,0.0,0.0,0.0,0.0
8,LTU,2.0,2.0,6.0,3.0,4.0
8,LUX,7.0,2.0,4.0,3.0,3.0
8,MAC,1.0,1.0,7.0,1.0,4.0
8,MKD,1.0,1.0,6.0,1.0,3.0
8,MDG,2.0,2.0,1.0,2.0,3.0
8,MWI,2.0,2.0,2.0,3.0,3.0
8,MYS,1.0,1.0,7.0,1.0,4.0
8,MDV,0.0,0.0,0.0,0.0,0.0
8,MLI,0.0,0.0,0.0,0.0,0.0
8,MLT,2.0,2.0,2.0,3.0,3.0
8,MHL,2.0,2.0,2.0,3.0,3.0
8,MTQ,2.0,2.0,1.0,2.0,3.0
8,MRT,0.0,0.0,0.0,0.0,0.0
8,MUS,2.0,2.0,2.0,3.0,3.0
8,MEX,2.0,2.0,1.0,2.0,3.0
8,FSM,2.0,2.0,2.0,3.0,3.0
8,MDA,2.0,2.0,6.0,3.0,4.0
8,MNG,1.0,1.0,7.0,1.0,4.0
8,MSR,2.0,2.0,2.0,3.0,3.0
8,MAR,0.0,0.0,0.0,0.0,0.0
8,MOZ,2.0,2.0,2.0,3.0,3.0
8,NAM,2.0,2.0,2.0,3.0,3.0
8,NRU,7.0,0.0,0.0,0.0,0.0
8,NPL,1.0,1.0,7.0,1.0,4.0
8,ANT,7.0,2.0,1.0,0.0,0.0
8,NLD,7.0,2.0,4.0,3.0,3.0
8,NCL,2.0,2.0,1.0,2.0,3.0
8,NZL,2.0,2.0,2.0,3.0,3.0
8,NIC,2.0,2.0,1.0,2.0,3.0
8,NER,0.0,0.0,0.0,0.0,0.0
8,NGA,2.0,2.0,1.0,2.0,3.0
8,NGA,2.0,2.0,1.0,2.0,3.0
8,NIU,3.0,2.0,0.0,0.0,0.0
8,NFK,2.0,2.0,2.0,3.0,3.0
8,MNP,2.0,2.0,2.0,3.0,3.0
8,NOR,2.0,2.0,2.0,0.0,0.0
8,OMN,0.0,0.0,0.0,0.0,0.0
8,PAK,2.0,2.0,2.0,3.0,3.0
8,PLW,2.0,2.0,2.0,3.0,3.0
8,PAL,0.0,0.0,0.0,0.0,0.0
8,PAN,2.0,2.0,1.0,2.0,3.0
8,PNG,2.0,2.0,1.0,1.0,3.0
8,PRY,2.0,2.0,1.0,2.0,3.0
8,PER,2.0,2.0,1.0,2.0,3.0
8,PHL,2.0,2.0,2.0,3.0,3.0
8,PCN,2.0,2.0,2.0,3.0,3.0
8,POL,2.0,2.0,6.0,3.0,4.0
8,PRT,7.0,2.0,4.0,3.0,3.0
8,PRI,2.0,2.0,2.0,3.0,3.0
8,QAT,0.0,0.0,0.0,0.0,0.0
8,REU,2.0,2.0,1.0,2.0,3.0
8,ROM,2.0,2.0,6.0,3.0,4.0
8,RUS,2.0,2.0,6.0,3.0,4.0
8,RWA,2.0,2.0,1.0,2.0,3.0
8,SHN,2.0,2.0,2.0,3.0,3.0
8,KNA,2.0,2.0,2.0,3.0,3.0
8,LCA,2.0,2.0,2.0,3.0,3.0
8,VCT,2.0,2.0,2.0,3.0,3.0
8,WSM,7.0,2.0,0.0,0.0,0.0
8,SMR,7.0,2.0,4.0,3.0,3.0
8,STP,2.0,2.0,0.0,0.0,0.0
8,SAU,0.0,0.0,0.0,0.0,0.0
8,SEN,2.0,2.0,1.0,2.0,3.0
8,YUG,2.0,2.0,2.0,0.0,3.0
8,SYC,2.0,2.0,2.0,3.0,3.0
8,SLE,2.0,2.0,1.0,2.0,3.0
8,SGP,1.0,1.0,7.0,1.0,4.0
8,SVK,2.0,2.0,6.0,3.0,4.0
8,SVN,2.0,2.0,6.0,3.0,4.0
8,SLB,2.0,2.0,2.0,3.0,3.0
8,SOM,1.0,4.0,2.0,2.0,4.0
8,ZAF,2.0,2.0,2.0,3.0,3.0
8,ZAF,2.0,2.0,2.0,3.0,3.0
8,ESP,7.0,2.0,4.0,3.0,3.0
8,LKA,1.0,1.0,5.0,0.0,3.0
8,SPM,2.0,2.0,1.0,2.0,3.0
8,SDN,0.0,0.0,0.0,0.0,0.0
8,SUR,2.0,2.0,0.0,0.0,0.0
8,SWZ,2.0,2.0,1.0,2.0,3.0
8,SWE,2.0,2.0,2.0,0.0,0.0
8,CHE,2.0,2.0,6.0,0.0,5.0
8,SYR,1.0,1.0,6.0,1.0,3.0
8,TWN,0.0,0.0,0.0,0.0,0.0
8,TJK,1.0,2.0,2.0,1.0,3.0
8,TZA,2.0,2.0,1.0,2.0,3.0
8,TZA,1.0,4.0,2.0,2.0,4.0
8,THA,1.0,1.0,7.0,1.0,4.0
8,TGO,2.0,2.0,1.0,2.0,3.0
8,TKL,0.0,2.0,0.0,0.0,0.0
8,TON,7.0,2.0,0.0,0.0,0.0
8,TTO,2.0,2.0,2.0,3.0,3.0
8,TUN,0.0,0.0,0.0,0.0,0.0
8,TUR,1.0,1.0,6.0,1.0,3.0
8,TUR,1.0,1.0,6.0,1.0,3.0
8,TKM,1.0,2.0,2.0,1.0,3.0
8,TCA,2.0,2.0,2.0,3.0,3.0
8,TUV,5.0,2.0,1.0,1.0,0.0
8,UGA,1.0,4.0,2.0,2.0,4.0
8,UKR,2.0,2.0,6.0,3.0,4.0
8,ARE,0.0,0.0,0.0,0.0,0.0
8,GBR,2.0,2.0,2.0,3.0,3.0
8,USA,2.0,2.0,1.0,2.0,3.0
8,USA,2.0,2.0,1.0,2.0,3.0
8,URY,2.0,2.0,1.0,2.0,3.0
8,UZB,1.0,2.0,2.0,1.0,3.0
8,VUT,2.0,2.0,2.0,3.0,3.0
8,VEN,2.0,2.0,1.0,2.0,3.0
8,VNM,1.0,1.0,7.0,1.0,4.0
8,WLF,2.0,2.0,1.0,2.0,3.0
8,ESH,0.0,0.0,0.0,0.0,0.0
8,YEM,0.0,0.0,0.0,0.0,0.0
8,ZMB,2.0,2.0,1.0,2.0,3.0
8,ZWE,2.0,2.0,2.0,3.0,3.0
9,AFG,1.0,1.0,6.0,1.0,3.0
9,ALB,2.0,2.0,2.0,0.0,3.0
9,DZA,0.0,0.0,0.0,0.0,0.0
9,AND,7.0,2.0,4.0,3.0,3.0
9,AGO,2.0,2.0,1.0,2.0,3.0
9,AIA,2.0,2.0,2.0,3.0,3.0
9,ATG,2.0,2.0,2.0,3.0,3.0
9,ARG,2.0,2.0,1.0,2.0,3.0
9,ARM,1.0,1.0,6.0,1.0,3.0
9,ABW,7.0,2.0,1.0,0.0,0.0
9,AUS,2.0,2.0,2.0,3.0,3.0
9,AUS,2.0,2.0,2.0,3.0,3.0
9,AUT,7.0,2.0,4.0,3.0,3.0
9,AZE,1.0,1.0,6.0,1.0,3.0
9,BHS,2.0,2.0,2.0,3.0,3.0
9,BHR,0.0,0.0,0.0,0.0,0.0
9,BGD,1.0,1.0,7.0,1.0,4.0
9,BRB,2.0,2.0,2.0,3.0,3.0
9,BLR,2.0,2.0,6.0,3.0,4.0
9,BEL,7.0,2.0,4.0,3.0,3.0
9,BLZ,2.0,2.0,1.0,2.0,3.0
9,BEN,0.0,0.0,0.0,0.0,0.0
9,BEN,2.0,2.0,1.0,2.0,3.0
9,BMU,2.0,2.0,2.0,3.0,3.0
9,BTN,1.0,1.0,7.0,1.0,4.0
9,BOL,2.0,2.0,1.0,2.0,3.0
9,BOL,2.0,2.0,1.0,2.0,3.0
9,BIH,2.0,2.0,2.0,0.0,3.0
9,BWA,2.0,2.0,2.0,3.0,3.0
9,BRA,2.0,2.0,1.0,2.0,3.0
9,BRA,2.0,2.0,1.0,2.0,3.0
9,VGB,2.0,2.0,2.0,3.0,3.0
9,BRN,2.0,2.0,1.0,1.0,3.0
9,BGR,1.0,1.0,6.0,1.0,3.0
9,BFA,2.0,2.0,1.0,2.0,3.0
9,MMR,1.0,1.0,7.0,1.0,4.0
9,BDI,2.0,2.0,1.0,2.0,3.0
9,KHM,1.0,1.0,7.0,1.0,4.0
9,CMR,2.0,2.0,1.0,2.0,3.0
9,CAN,2.0,2.0,1.0,2.0,3.0
9,CAN,2.0,2.0,1.0,2.0,3.0
9,CPV,2.0,2.0,0.0,0.0,0.0
9,CYM,2.0,2.0,2.0,3.0,3.0
9,CAF,2.0,2.0,1.0,2.0,3.0
9,TCD,2.0,2.0,1.0,2.0,3.0
9,CHL,2.0,2.0,1.0,2.0,3.0
9,CHN,1.0,1.0,7.0,1.0,4.0
9,CXR,2.0,2.0,2.0,3.0,3.0
9,CCK,0.0,0.0,0.0,0.0,0.0
9,COL,2.0,2.0,1.0,2.0,3.0
9,COM,0.0,0.0,0.0,0.0,0.0
9,COG,2.0,2.0,1.0,2.0,3.0
9,ZAR,2.0,2.0,1.0,2.0,3.0
9,COK,2.0,2.0,2.0,3.0,3.0
9,CRI,2.0,2.0,1.0,2.0,3.0
9,HRV,2.0,2.0,2.0,0.0,3.0
9,CUB,2.0,2.0,1.0,2.0,3.0
9,CYP,0.0,0.0,0.0,0.0,0.0
9,CZE,2.0,2.0,6.0,0.0,5.0
9,CIV,2.0,2.0,1.0,2.0,3.0
9,CIV,2.0,2.0,1.0,2.0,3.0
9,DNK,2.0,2.0,6.0,0.0,5.0
9,DJI,0.0,0.0,0.0,0.0,0.0
9,DMA,2.0,2.0,2.0,3.0,3.0
9,DOM,2.0,2.0,1.0,2.0,3.0
9,TMP,2.0,2.0,1.0,1.0,3.0
9,ECU,2.0,2.0,1.0,2.0,3.0
9,EGY,0.0,0.0,0.0,0.0,0.0
9,SLV,2.0,2.0,1.0,2.0,3.0
9,GNQ,0.0,0.0,0.0,0.0,0.0
9,ERI,0.0,0.0,0.0,0.0,0.0
9,EST,2.0,2.0,2.0,0.0,0.0
9,ETH,0.0,0.0,0.0,0.0,0.0
9,FLK,2.0,2.0,2.0,3.0,3.0
9,FRO,0.0,0.0,0.0,0.0,0.0
9,FJI,2.0,2.0,2.0,3.0,3.0
9,FIN,2.0,2.0,2.0,0.0,0.0
9,FRA,7.0,2.0,4.0,3.0,3.0
9,GUF,2.0,2.0,0.0,0.0,0.0
9,PYF,2.0,2.0,1.0,2.0,3.0
9,ATF,2.0,2.0,1.0,2.0,3.0
9,GAB,2.0,2.0,1.0,2.0,3.0
9,GMB,2.0,2.0,1.0,2.0,3.0
9,GEO,1.0,1.0,6.0,1.0,3.0
9,DEU,7.0,2.0,4.0,3.0,3.0
9,DEU,2.0,2.0,6.0,0.0,5.0
9,GHA,2.0,2.0,1.0,2.0,3.0
9,GIB,7.0,2.0,4.0,3.0,3.0
9,GRC,1.0,1.0,6.0,1.0,3.0
9,GRL,0.0,0.0,0.0,0.0,0.0
9,GRD,2.0,2.0,2.0,3.0,3.0
9,GLP,2.0,2.0,1.0,2.0,3.0
9,GTM,2.0,2.0,1.0,2.0,3.0
9,GIN,2.0,2.0,1.0,2.0,3.0
9,GNB,2.0,2.0,1.0,2.0,3.0
9,GUY,2.0,2.0,1.0,2.0,3.0
9,HTI,2.0,2.0,1.0,2.0,3.0
9,HND,2.0,2.0,1.0,2.0,3.0
9,HKG,1.0,1.0,7.0,1.0,4.0
9,HUN,2.0,2.0,2.0,0.0,3.0
9,ISL,2.0,2.0,4.0,3.0,0.0
9,IND,1.0,1.0,7.0,1.0,4.0
9,IDN,2.0,2.0,1.0,1.0,3.0
9,IRN,1.0,1.0,6.0,1.0,3.0
9,IRQ,1.0,1.0,6.0,1.0,3.0
9,IRL,2.0,2.0,2.0,3.0,3.0
9,ISR,1.0,1.0,6.0,1.0,3.0
9,ITA,7.0,2.0,4.0,3.0,3.0
9,JAM,2.0,2.0,2.0,3.0,3.0
9,JPN,1.0,1.0,7.0,0.0,2.0
9,JOR,1.0,1.0,6.0,1.0,3.0
9,KAZ,1.0,2.0,2.0,1.0,3.0
9,KAZ,2.0,2.0,6.0,3.0,4.0
9,KEN,0.0,0.0,0.0,0.0,0.0
9,KIR,2.0,2.0,2.0,3.0,3.0
9,KOR,1.0,1.0,7.0,1.0,4.0
9,PRK,1.0,1.0,7.0,1.0,4.0
9,KWT,0.0,0.0,0.0,0.0,0.0
9,KGZ,1.0,2.0,2.0,1.0,3.0
9,LAO,1.0,1.0,7.0,1.0,4.0
9,LVA,2.0,2.0,6.0,3.0,4.0
9,LBN,0.0,0.0,0.0,0.0,0.0
9,LSO,2.0,2.0,2.0,3.0,3.0
9,LBR,2.0,2.0,1.0,2.0,3.0
9,LBY,0.0,0.0,0.0,0.0,0.0
9,LTU,2.0,2.0,2.0,0.0,0.0
9,LUX,7.0,2.0,4.0,3.0,3.0
9,MAC,1.0,1.0,7.0,1.0,4.0
9,MKD,1.0,1.0,6.0,1.0,3.0
9,MDG,2.0,2.0,1.0,2.0,3.0
9,MWI,2.0,2.0,2.0,3.0,3.0
9,MYS,1.0,1.0,7.0,1.0,4.0
9,MDV,0.0,0.0,0.0,0.0,0.0
9,MLI,0.0,0.0,0.0,0.0,0.0
9,MLT,2.0,2.0,2.0,3.0,3.0
9,MHL,2.0,2.0,2.0,3.0,3.0
9,MTQ,2.0,2.0,1.0,2.0,3.0
9,MRT,0.0,0.0,0.0,0.0,0.0
9,MUS,2.0,2.0,2.0,3.0,3.0
9,MEX,2.0,2.0,1.0,2.0,3.0
9,FSM,2.0,2.0,2.0,3.0,3.0
9,MDA,2.0,2.0,6.0,3.0,4.0
9,MNG,1.0,1.0,7.0,1.0,4.0
9,MSR,2.0,2.0,2.0,3.0,3.0
9,MAR,0.0,0.0,0.0,0.0,0.0
9,MOZ,2.0,2.0,2.0,3.0,3.0
9,NAM,2.0,2.0,2.0,3.0,3.0
9,NRU,7.0,0.0,0.0,0.0,0.0
9,NPL,1.0,1.0,7.0,1.0,4.0
9,ANT,7.0,2.0,1.0,0.0,0.0
9,NLD,7.0,2.0,4.0,3.0,3.0
9,NCL,2.0,2.0,1.0,2.0,3.0
9,NZL,2.0,2.0,2.0,3.0,3.0
9,NIC,2.0,2.0,1.0,2.0,3.0
9,NER,2.0,2.0,1.0,2.0,3.0
9,NGA,2.0,2.0,1.0,2.0,3.0
9,NGA,2.0,2.0,1.0,2.0,3.0
9,NIU,3.0,2.0,0.0,0.0,0.0
9,NFK,2.0,2.0,2.0,3.0,3.0
9,MNP,2.0,2.0,2.0,3.0,3.0
9,NOR,2.0,2.0,2.0,0.0,0.0
9,OMN,0.0,0.0,0.0,0.0,0.0
9,PAK,1.0,1.0,6.0,1.0,3.0
9,PLW,2.0,2.0,2.0,3.0,3.0
9,PAL,0.0,0.0,0.0,0.0,0.0
9,PAN,2.0,2.0,1.0,2.0,3.0
9,PNG,2.0,2.0,1.0,1.0,3.0
9,PRY,2.0,2.0,1.0,2.0,3.0
9,PER,2.0,2.0,1.0,2.0,3.0
9,PHL,2.0,2.0,2.0,3.0,3.0
9,PCN,2.0,2.0,2.0,3.0,3.0
9,POL,7.0,2.0,4.0,3.0,3.0
9,PRT,7.0,2.0,4.0,3.0,3.0
9,PRI,2.0,2.0,2.0,3.0,3.0
9,QAT,0.0,0.0,0.0,0.0,0.0
9,REU,2.0,2.0,1.0,2.0,3.0
9,ROM,2.0,2.0,6.0,3.0,4.0
9,RUS,2.0,2.0,2.0,0.0,0.0
9,RWA,1.0,4.0,2.0,2.0,4.0
9,SHN,2.0,2.0,2.0,3.0,3.0
9,KNA,2.0,2.0,2.0,3.0,3.0
9,LCA,2.0,2.0,2.0,3.0,3.0
9,VCT,2.0,2.0,2.0,3.0,3.0
9,WSM,7.0,2.0,0.0,0.0,0.0
9,SMR,7.0,2.0,4.0,3.0,3.0
9,STP,2.0,2.0,0.0,0.0,0.0
9,SAU,0.0,0.0,0.0,0.0,0.0
9,SEN,2.0,2.0,1.0,2.0,3.0
9,YUG,2.0,2.0,2.0,0.0,3.0
9,SYC,2.0,2.0,2.0,3.0,3.0
9,SLE,2.0,2.0,1.0,2.0,3.0
9,SGP,1.0,1.0,7.0,1.0,4.0
9,SVK,2.0,2.0,6.0,3.0,4.0
9,SVN,2.0,2.0,6.0,3.0,4.0
9,SLB,2.0,2.0,2.0,3.0,3.0
9,SOM,0.0,0.0,0.0,0.0,0.0
9,ZAF,2.0,2.0,2.0,3.0,3.0
9,ZAF,2.0,2.0,2.0,3.0,3.0
9,ESP,7.0,2.0,4.0,3.0,3.0
9,LKA,1.0,1.0,5.0,0.0,3.0
9,SPM,2.0,2.0,1.0,2.0,3.0
9,SDN,0.0,0.0,0.0,0.0,0.0
9,SUR,2.0,2.0,0.0,0.0,0.0
9,SWZ,2.0,2.0,2.0,3.0,3.0
9,SWE,2.0,2.0,2.0,0.0,0.0
9,CHE,2.0,2.0,6.0,0.0,5.0
9,SYR,1.0,1.0,6.0,1.0,3.0
9,TWN,0.0,0.0,0.0,0.0,0.0
9,TJK,1.0,2.0,2.0,1.0,3.0
9,TZA,2.0,2.0,1.0,2.0,3.0
9,TZA,1.0,4.0,2.0,2.0,4.0
9,THA,1.0,1.0,7.0,1.0,4.0
9,TGO,2.0,2.0,1.0,2.0,3.0
9,TKL,0.0,2.0,0.0,0.0,0.0
9,TON,7.0,2.0,0.0,0.0,0.0
9,TTO,2.0,2.0,2.0,3.0,3.0
9,TUN,0.0,0.0,0.0,0.0,0.0
9,TUR,1.0,1.0,6.0,1.0,3.0
9,TUR,1.0,1.0,6.0,1.0,3.0
9,TKM,1.0,2.0,2.0,1.0,3.0
9,TCA,2.0,2.0,2.0,3.0,3.0
9,TUV,5.0,2.0,1.0,1.0,0.0
9,UGA,1.0,4.0,2.0,2.0,4.0
9,UKR,2.0,2.0,6.0,3.0,4.0
9,ARE,0.0,0.0,0.0,0.0,0.0
9,GBR,2.0,2.0,2.0,3.0,3.0
9,USA,2.0,2.0,1.0,2.0,3.0
9,USA,2.0,2.0,1.0,2.0,3.0
9,URY,2.0,2.0,1.0,2.0,3.0
9,UZB,2.0,2.0,6.0,3.0,4.0
9,VUT,2.0,2.0,2.0,3.0,3.0
9,VEN,2.0,2.0,1.0,2.0,3.0
9,VNM,1.0,1.0,7.0,1.0,4.0
9,WLF,2.0,2.0,1.0,2.0,3.0
9,ESH,0.0,0.0,0.0,0.0,0.0
9,YEM,0.0,0.0,0.0,0.0,0.0
9,ZMB,2.0,2.0,2.0,3.0,3.0
9,ZWE,2.0,2.0,1.0,2.0,3.0
10,AFG,1.0,1.0,6.0,1.0,3.0
10,ALB,2.0,2.0,2.0,0.0,3.0
10,DZA,2.0,2.0,1.0,2.0,3.0
10,AND,7.0,2.0,4.0,3.0,3.0
10,AGO,2.0,2.0,1.0,2.0,3.0
10,AIA,2.0,2.0,2.0,3.0,3.0
10,ATG,2.0,2.0,2.0,3.0,3.0
10,ARG,2.0,2.0,1.0,2.0,3.0
10,ARM,1.0,1.0,6.0,1.0,3.0
10,ABW,7.0,2.0,1.0,0.0,0.0
10,AUS,2.0,2.0,2.0,3.0,3.0
10,AUS,2.0,2.0,2.0,3.0,3.0
10,AUT,7.0,2.0,4.0,3.0,3.0
10,AZE,1.0,1.0,6.0,1.0,3.0
10,BHS,2.0,2.0,2.0,3.0,3.0
10,BHR,0.0,0.0,0.0,0.0,0.0
10,BGD,1.0,1.0,7.0,1.0,4.0
10,BRB,2.0,2.0,2.0,3.0,3.0
10,BLR,2.0,2.0,6.0,3.0,4.0
10,BEL,7.0,2.0,4.0,3.0,3.0
10,BLZ,2.0,2.0,1.0,2.0,3.0
10,BEN,2.0,2.0,1.0,2.0,3.0
10,BEN,2.0,2.0,1.0,2.0,3.0
10,BMU,2.0,2.0,2.0,3.0,3.0
10,BTN,1.0,1.0,7.0,1.0,4.0
10,BOL,2.0,2.0,1.0,2.0,3.0
10,BOL,2.0,2.0,1.0,2.0,3.0
10,BIH,2.0,2.0,2.0,0.0,3.0
10,BWA,2.0,2.0,2.0,3.0,3.0
10,BRA,2.0,2.0,1.0,2.0,3.0
10,BRA,2.0,2.0,1.0,2.0,3.0
10,VGB,2.0,2.0,2.0,3.0,3.0
10,BRN,1.0,1.0,7.0,1.0,4.0
10,BGR,1.0,1.0,6.0,1.0,3.0
10,BFA,2.0,2.0,1.0,2.0,3.0
10,MMR,1.0,1.0,7.0,1.0,4.0
10,BDI,2.0,2.0,2.0,3.0,3.0
10,KHM,1.0,1.0,7.0,1.0,4.0
10,CMR,2.0,2.0,1.0,2.0,3.0
10,CAN,2.0,2.0,1.0,2.0,3.0
10,CAN,2.0,2.0,1.0,2.0,3.0
10,CPV,2.0,2.0,0.0,0.0,0.0
10,CYM,2.0,2.0,2.0,3.0,3.0
10,CAF,2.0,2.0,1.0,2.0,3.0
10,TCD,2.0,2.0,1.0,2.0,3.0
10,CHL,2.0,2.0,1.0,2.0,3.0
10,CHN,2.0,2.0,6.0,3.0,4.0
10,CXR,2.0,2.0,2.0,3.0,3.0
10,CCK,0.0,0.0,0.0,0.0,0.0
10,COL,2.0,2.0,1.0,2.0,3.0
10,COM,0.0,0.0,0.0,0.0,0.0
10,COG,2.0,2.0,1.0,2.0,3.0
10,ZAR,2.0,2.0,1.0,2.0,3.0
10,COK,2.0,2.0,2.0,3.0,3.0
10,CRI,2.0,2.0,1.0,2.0,3.0
10,HRV,2.0,2.0,2.0,0.0,3.0
10,CUB,2.0,2.0,1.0,2.0,3.0
10,CYP,0.0,0.0,0.0,0.0,0.0
10,CZE,2.0,2.0,6.0,0.0,5.0
10,CIV,2.0,2.0,1.0,2.0,3.0
10,CIV,2.0,2.0,1.0,2.0,3.0
10,DNK,2.0,2.0,6.0,0.0,5.0
10,DJI,0.0,0.0,0.0,0.0,0.0
10,DMA,2.0,2.0,2.0,3.0,3.0
10,DOM,2.0,2.0,1.0,2.0,3.0
10,TMP,2.0,2.0,1.0,1.0,3.0
10,ECU,2.0,2.0,1.0,2.0,3.0
10,EGY,0.0,0.0,0.0,0.0,0.0
10,SLV,2.0,2.0,1.0,2.0,3.0
10,GNQ,2.0,2.0,1.0,2.0,3.0
10,ERI,0.0,0.0,0.0,0.0,0.0
10,EST,2.0,2.0,2.0,0.0,0.0
10,ETH,0.0,0.0,0.0,0.0,0.0
10,FLK,2.0,2.0,2.0,3.0,3.0
10,FRO,0.0,0.0,0.0,0.0,0.0
10,FJI,2.0,2.0,2.0,3.0,3.0
10,FIN,2.0,2.0,2.0,0.0,0.0
10,FRA,7.0,2.0,4.0,3.0,3.0
10,GUF,2.0,2.0,1.0,2.0,3.0
10,PYF,2.0,2.0,1.0,2.0,3.0
10,ATF,2.0,2.0,1.0,2.0,3.0
10,GAB,2.0,2.0,1.0,2.0,3.0
10,GMB,2.0,2.0,1.0,2.0,3.0
10,GEO,1.0,1.0,6.0,1.0,3.0
10,DEU,7.0,2.0,4.0,3.0,3.0
10,DEU,2.0,2.0,6.0,0.0,5.0
10,GHA,2.0,2.0,1.0,2.0,3.0
10,GIB,7.0,2.0,4.0,3.0,3.0
10,GRC,2.0,2.0,2.0,0.0,3.0
10,GRL,0.0,0.0,0.0,0.0,0.0
10,GRD,2.0,2.0,2.0,3.0,3.0
10,GLP,2.0,2.0,1.0,2.0,3.0
10,GTM,2.0,2.0,1.0,2.0,3.0
10,GIN,2.0,2.0,1.0,2.0,3.0
10,GNB,2.0,2.0,1.0,2.0,3.0
10,GUY,2.0,2.0,1.0,2.0,3.0
10,HTI,2.0,2.0,1.0,2.0,3.0
10,HND,2.0,2.0,1.0,2.0,3.0
10,HKG,1.0,1.0,7.0,1.0,4.0
10,HUN,2.0,2.0,6.0,3.0,4.0
10,ISL,2.0,2.0,4.0,3.0,0.0
10,IND,1.0,1.0,6.0,1.0,3.0
10,IDN,2.0,2.0,1.0,1.0,3.0
10,IRN,1.0,1.0,6.0,1.0,3.0
10,IRQ,1.0,1.0,6.0,1.0,3.0
10,IRL,2.0,2.0,2.0,3.0,3.0
10,ISR,1.0,1.0,6.0,1.0,3.0
10,ITA,7.0,2.0,4.0,3.0,3.0
10,JAM,2.0,2.0,2.0,3.0,3.0
10,JPN,1.0,1.0,7.0,0.0,2.0
10,JOR,1.0,1.0,6.0,1.0,3.0
10,KAZ,1.0,2.0,2.0,1.0,3.0
10,KAZ,2.0,2.0,6.0,3.0,4.0
10,KEN,0.0,0.0,0.0,0.0,0.0
10,KIR,2.0,2.0,2.0,3.0,3.0
10,KOR,1.0,1.0,7.0,1.0,4.0
10,PRK,1.0,1.0,7.0,1.0,4.0
10,KWT,1.0,1.0,6.0,1.0,3.0
10,KGZ,1.0,1.0,6.0,1.0,3.0
10,LAO,1.0,1.0,7.0,1.0,4.0
10,LVA,2.0,2.0,2.0,0.0,0.0
10,LBN,1.0,1.0,6.0,1.0,3.0
10,LSO,2.0,2.0,2.0,3.0,3.0
10,LBR,2.0,2.0,1.0,2.0,3.0
10,LBY,0.0,0.0,0.0,0.0,0.0
10,LTU,2.0,2.0,2.0,0.0,0.0
10,LUX,7.0,2.0,4.0,3.0,3.0
10,MAC,1.0,1.0,7.0,1.0,4.0
10,MKD,1.0,1.0,6.0,1.0,3.0
10,MDG,2.0,2.0,1.0,2.0,3.0
10,MWI,2.0,2.0,2.0,3.0,3.0
10,MYS,1.0,1.0,7.0,1.0,4.0
10,MDV,0.0,0.0,0.0,0.0,0.0
10,MLI,2.0,2.0,1.0,2.0,3.0
10,MLT,2.0,2.0,2.0,3.0,3.0
10,MHL,2.0,2.0,2.0,3.0,3.0
10,MTQ,2.0,2.0,1.0,2.0,3.0
10,MRT,2.0,2.0,1.0,2.0,3.0
10,MUS,2.0,2.0,2.0,3.0,3.0
10,MEX,2.0,2.0,1.0,2.0,3.0
10,FSM,2.0,2.0,2.0,3.0,3.0
10,MDA,2.0,2.0,6.0,3.0,4.0
10,MNG,2.0,2.0,2.0,0.0,0.0
10,MSR,2.0,2.0,2.0,3.0,3.0
10,MAR,0.0,0.0,0.0,0.0,0.0
10,MOZ,2.0,2.0,2.0,3.0,3.0
10,NAM,2.0,2.0,1.0,2.0,3.0
10,NRU,7.0,0.0,0.0,0.0,0.0
10,NPL,1.0,1.0,7.0,1.0,4.0
10,ANT,7.0,2.0,1.0,0.0,0.0
10,NLD,7.0,2.0,4.0,3.0,3.0
10,NCL,2.0,2.0,1.0,2.0,3.0
10,NZL,2.0,2.0,2.0,3.0,3.0
10,NIC,2.0,2.0,1.0,2.0,3.0
10,NER,2.0,2.0,1.0,2.0,3.0
10,NGA,2.0,2.0,1.0,2.0,3.0
10,NGA,2.0,2.0,1.0,2.0,3.0
10,NIU,3.0,2.0,0.0,0.0,0.0
10,NFK,2.0,2.0,2.0,3.0,3.0
10,MNP,2.0,2.0,2.0,3.0,3.0
10,NOR,2.0,2.0,2.0,0.0,0.0
10,OMN,0.0,0.0,0.0,0.0,0.0
10,PAK,1.0,1.0,6.0,1.0,3.0
10,PLW,2.0,2.0,2.0,3.0,3.0
10,PAL,1.0,1.0,6.0,1.0,3.0
10,PAN,2.0,2.0,1.0,2.0,3.0
10,PNG,2.0,2.0,1.0,1.0,3.0
10,PRY,2.0,2.0,1.0,2.0,3.0
10,PER,2.0,2.0,1.0,2.0,3.0
10,PHL,2.0,2.0,2.0,3.0,3.0
10,PCN,2.0,2.0,2.0,3.0,3.0
10,POL,2.0,2.0,6.0,3.0,4.0
10,PRT,7.0,2.0,4.0,3.0,3.0
10,PRI,2.0,2.0,2.0,3.0,3.0
10,QAT,0.0,0.0,0.0,0.0,0.0
10,REU,2.0,2.0,1.0,2.0,3.0
10,ROM,2.0,2.0,6.0,3.0,4.0
10,RUS,2.0,2.0,6.0,3.0,4.0
10,RWA,1.0,4.0,2.0,2.0,4.0
10,SHN,2.0,2.0,2.0,3.0,3.0
10,KNA,2.0,2.0,2.0,3.0,3.0
10,LCA,2.0,2.0,2.0,3.0,3.0
10,VCT,2.0,2.0,2.0,3.0,3.0
10,WSM,7.0,2.0,0.0,0.0,0.0
10,SMR,7.0,2.0,4.0,3.0,3.0
10,STP,2.0,2.0,0.0,0.0,0.0
10,SAU,0.0,0.0,0.0,0.0,0.0
10,SEN,2.0,2.0,1.0,2.0,3.0
10,YUG,2.0,2.0,2.0,0.0,3.0
10,SYC,2.0,2.0,2.0,3.0,3.0
10,SLE,2.0,2.0,1.0,2.0,3.0
10,SGP,1.0,1.0,7.0,1.0,4.0
10,SVK,2.0,2.0,6.0,3.0,4.0
10,SVN,2.0,2.0,6.0,3.0,4.0
10,SLB,2.0,2.0,2.0,3.0,3.0
10,SOM,0.0,0.0,0.0,0.0,0.0
10,ZAF,2.0,2.0,2.0,3.0,3.0
10,ZAF,2.0,2.0,2.0,3.0,3.0
10,ESP,7.0,2.0,4.0,3.0,3.0
10,LKA,1.0,1.0,5.0,0.0,3.0
10,SPM,2.0,2.0,1.0,2.0,3.0
10,SDN,0.0,0.0,0.0,0.0,0.0
10,SUR,2.0,2.0,1.0,2.0,3.0
10,SWZ,2.0,2.0,2.0,3.0,3.0
10,SWE,2.0,2.0,2.0,0.0,0.0
10,CHE,7.0,2.0,4.0,3.0,3.0
10,SYR,1.0,1.0,6.0,1.0,3.0
10,TWN,0.0,0.0,0.0,0.0,0.0
10,TJK,1.0,1.0,6.0,1.0,3.0
10,TZA,2.0,2.0,1.0,2.0,3.0
10,TZA,2.0,2.0,2.0,3.0,3.0
10,THA,1.0,1.0,7.0,1.0,4.0
10,TGO,2.0,2.0,1.0,2.0,3.0
10,TKL,0.0,2.0,0.0,0.0,0.0
10,TON,7.0,2.0,0.0,0.0,0.0
10,TTO,2.0,2.0,2.0,3.0,3.0
10,TUN,2.0,2.0,1.0,2.0,3.0
10,TUR,1.0,1.0,6.0,1.0,3.0
10,TUR,1.0,1.0,6.0,1.0,3.0
10,TKM,1.0,1.0,6.0,1.0,3.0
10,TCA,2.0,2.0,2.0,3.0,3.0
10,TUV,5.0,2.0,1.0,1.0,0.0
10,UGA,2.0,2.0,1.0,2.0,3.0
10,UKR,2.0,2.0,6.0,3.0,4.0
10,ARE,0.0,0.0,0.0,0.0,0.0
10,GBR,2.0,2.0,2.0,3.0,3.0
10,USA,2.0,2.0,1.0,2.0,3.0
10,USA,2.0,2.0,1.0,2.0,3.0
10,URY,2.0,2.0,1.0,2.0,3.0
10,UZB,1.0,1.0,6.0,1.0,3.0
10,VUT,2.0,2.0,2.0,3.0,3.0
10,VEN,2.0,2.0,1.0,2.0,3.0
10,VNM,1.0,1.0,7.0,1.0,4.0
10,WLF,2.0,2.0,1.0,2.0,3.0
10,ESH,0.0,0.0,0.0,0.0,0.0
10,YEM,0.0,0.0,0.0,0.0,0.0
10,ZMB,2.0,2.0,2.0,3.0,3.0
10,ZWE,2.0,2.0,1.0,2.0,3.0
